,Employee_Name,EmpID,MarriedID,MaritalStatusID,GenderID,EmpStatusID,DeptID,PerfScoreID,FromDiversityJobFairID,PayRate,Termd,PositionID,Position,State,Zip,DOB,Sex,MaritalDesc,CitizenDesc,HispanicLatino,RaceDesc,DateofHire,DateofTermination,TermReason,EmploymentStatus,Department,ManagerName,ManagerID,RecruitmentSource,PerformanceScore,EngagementSurvey,EmpSatisfaction,SpecialProjectsCount,LastPerformanceReview_Date,DaysLateLast30,Age
0,"Brown, Mia",1103024456.0,1.0,1.0,0.0,1.0,1.0,3.0,1.0,28.5,0.0,1.0,Accountant I,MA,1450.0,1987-11-24,F,Married,US Citizen,No,Black or African American,2008-10-27,,N/A - still employed,Active,Admin Offices,Brandon R. LeBlanc,1.0,Diversity Job Fair,Fully Meets,2.04,2.0,6.0,1/15/2019,0.0,31.84120465434634
1,"LaRotonda, William  ",1106026572.0,0.0,2.0,1.0,1.0,1.0,3.0,0.0,23.0,0.0,1.0,Accountant I,MA,1460.0,1984-04-26,M ,Divorced,US Citizen,No,Black or African American,2014-01-06,,N/A - still employed,Active,Admin Offices,Brandon R. LeBlanc,1.0,Website Banner Ads,Fully Meets,5.0,4.0,4.0,1/17/2019,0.0,35.419575633128
2,"Steans, Tyrone  ",1302053333.0,0.0,0.0,1.0,1.0,1.0,3.0,0.0,29.0,0.0,1.0,Accountant I,MA,2703.0,1986-09-01,M ,Single,US Citizen,No,White,2014-09-29,,N/A - still employed,Active,Admin Offices,Brandon R. LeBlanc,1.0,Internet Search,Fully Meets,3.9,5.0,5.0,1/18/2019,0.0,33.07049965776865
3,"Howard, Estelle",1211050782.0,1.0,1.0,0.0,1.0,1.0,3.0,0.0,21.5,1.0,2.0,Administrative Assistant,MA,2170.0,1985-09-16,F,Married,US Citizen,No,White,2015-02-16,2015-04-15,,Terminated for Cause,Admin Offices,Brandon R. LeBlanc,1.0,Pay Per Click - Google,Fully Meets,3.24,3.0,4.0,,,34.02874743326489
4,"Singh, Nan ",1307059817.0,0.0,0.0,0.0,1.0,1.0,3.0,0.0,16.56,0.0,2.0,Administrative Assistant,MA,2330.0,1988-05-19,F,Single,US Citizen,No,White,2015-05-01,,N/A - still employed,Active,Admin Offices,Brandon R. LeBlanc,1.0,Website Banner Ads,Fully Meets,5.0,3.0,5.0,1/15/2019,0.0,31.356605065023956
5,"Smith, Leigh Ann",711007713.0,1.0,1.0,0.0,5.0,1.0,3.0,1.0,20.5,1.0,2.0,Administrative Assistant,MA,1844.0,1987-06-14,F,Married,US Citizen,No,Asian,2011-09-26,2013-09-25,career change,Voluntarily Terminated,Admin Offices,Brandon R. LeBlanc,1.0,Diversity Job Fair,Fully Meets,3.8,4.0,4.0,,,32.28747433264887
6,"Bunbury, Jessica",1504073368.0,1.0,1.0,0.0,5.0,6.0,3.0,0.0,55.0,1.0,3.0,Area Sales Manager,VA,21851.0,1964-06-01,F,Married,Eligible NonCitizen,No,Black or African American,2011-08-15,2014-08-02,Another position,Voluntarily Terminated,Sales,John Smith,17.0,Social Networks - Facebook Twitter etc,Fully Meets,3.14,5.0,0.0,,,55.32101300479124
7,"Carter, Michelle ",1403065721.0,0.0,0.0,0.0,1.0,6.0,3.0,0.0,55.0,0.0,3.0,Area Sales Manager,VT,5664.0,1963-05-15,F,Single,US Citizen,No,White,2014-08-18,,N/A - still employed,Active,Sales,John Smith,17.0,Billboard,Fully Meets,5.0,5.0,0.0,1/21/2019,0.0,56.369609856262834
8,"Dietrich, Jenna  ",1408069481.0,0.0,0.0,0.0,1.0,6.0,1.0,0.0,55.0,0.0,3.0,Area Sales Manager,WA,98052.0,1987-05-14,F,Single,US Citizen,Yes,White,2012-02-20,,N/A - still employed,Active,Sales,John Smith,17.0,Website Banner Ads,PIP,2.3,1.0,0.0,1/29/2019,0.0,32.37234770704997
9,"Digitale, Alfred",1306059197.0,1.0,1.0,1.0,1.0,6.0,3.0,0.0,56.0,0.0,3.0,Area Sales Manager,NH,3062.0,1988-09-14,M ,Married,US Citizen,No,American Indian or Alaska Native,2014-08-18,,N/A - still employed,Active,Sales,John Smith,17.0,Pay Per Click - Google,Fully Meets,3.6,5.0,0.0,1/30/2019,0.0,31.033538672142367
10,"Friedman, Gerry",1204032843.0,0.0,0.0,1.0,1.0,6.0,3.0,1.0,55.5,0.0,3.0,Area Sales Manager,NY,10171.0,1969-02-24,M ,Single,US Citizen,Yes,Two or more races,2011-03-07,,N/A - still employed,Active,Sales,John Smith,17.0,Diversity Job Fair,Fully Meets,3.65,5.0,0.0,1/17/2019,0.0,50.587268993839835
11,"Gill, Whitney  ",1302053046.0,0.0,4.0,0.0,4.0,6.0,3.0,0.0,55.0,1.0,3.0,Area Sales Manager,OH,43050.0,1971-07-10,F,Widowed,US Citizen,No,Black or African American,2014-07-07,2015-09-05,attendance,Terminated for Cause,Sales,John Smith,17.0,Monster.com,Fully Meets,3.97,4.0,0.0,,,48.21629021218344
12,"Gonzales, Ricardo",1411071481.0,1.0,1.0,1.0,1.0,6.0,3.0,0.0,55.5,0.0,3.0,Area Sales Manager,ID,83706.0,1954-10-12,M ,Married,US Citizen,No,White,2014-05-12,,N/A - still employed,Active,Sales,John Smith,17.0,Monster.com,Fully Meets,3.98,3.0,0.0,1/28/2019,0.0,64.95824777549623
13,"Guilianno, Mike",1001167253.0,0.0,0.0,1.0,5.0,6.0,3.0,0.0,55.0,1.0,3.0,Area Sales Manager,TN,37129.0,1969-02-09,M ,Single,US Citizen,No,Two or more races,2011-03-07,2014-10-31,relocation out of area,Voluntarily Terminated,Sales,John Smith,17.0,Newspager/Magazine,Fully Meets,4.5,5.0,0.0,,,50.62833675564682
14,"Leruth, Giovanni",1412071660.0,0.0,3.0,1.0,1.0,6.0,3.0,0.0,55.0,0.0,3.0,Area Sales Manager,UT,84111.0,1988-12-27,M ,Separated,US Citizen,No,Black or African American,2012-04-30,,N/A - still employed,Active,Sales,John Smith,17.0,Website Banner Ads,Fully Meets,4.53,3.0,0.0,1/29/2019,0.0,30.748802190280628
15,"Mullaney, Howard",1306057978.0,0.0,0.0,1.0,1.0,6.0,1.0,0.0,55.0,0.0,3.0,Area Sales Manager,AL,36006.0,1975-11-02,M ,Single,US Citizen,No,Two or more races,2014-09-29,,N/A - still employed,Active,Sales,John Smith,17.0,Internet Search,PIP,1.93,3.0,0.0,1/30/2019,0.0,43.90143737166324
16,"Ozark, Travis",812011761.0,0.0,0.0,1.0,1.0,6.0,3.0,0.0,55.0,0.0,3.0,Area Sales Manager,NC,27229.0,1982-05-19,M ,Single,US Citizen,No,White,2015-01-05,,N/A - still employed,Active,Sales,John Smith,17.0,Website Banner Ads,Fully Meets,5.0,5.0,0.0,1/14/2019,0.0,37.35797399041752
17,"Strong, Caitrin",1411071295.0,1.0,1.0,0.0,1.0,6.0,3.0,0.0,54.0,0.0,3.0,Area Sales Manager,MT,59102.0,1989-05-12,F,Married,US Citizen,No,Black or African American,2010-09-27,,N/A - still employed,Active,Sales,John Smith,17.0,Professional Society,Fully Meets,2.0,4.0,0.0,1/31/2019,0.0,30.376454483230663
18,"Valentin,Jackie",1312063714.0,1.0,1.0,0.0,1.0,6.0,3.0,0.0,55.0,0.0,3.0,Area Sales Manager,AZ,85006.0,1991-05-23,F,Married,US Citizen,No,Two or more races,2011-07-05,,N/A - still employed,Active,Sales,John Smith,17.0,Other,Fully Meets,2.81,3.0,0.0,1/17/2019,0.0,28.347707049965777
19,"Villanueva, Noah",1111030503.0,0.0,0.0,1.0,1.0,6.0,3.0,0.0,56.0,0.0,3.0,Area Sales Manager,ME,4063.0,1989-07-11,M ,Single,US Citizen,No,Asian,2012-03-05,,N/A - still employed,Active,Sales,John Smith,17.0,Website Banner Ads,Fully Meets,1.77,4.0,0.0,1/18/2019,0.0,30.21218343600274
20,"Buck, Edward",1504073313.0,1.0,1.0,1.0,1.0,6.0,3.0,0.0,55.0,0.0,3.0,Area Sales Manager,MA,2330.0,1975-07-07,M ,Married,US Citizen,No,White,2014-09-29,,N/A - still employed,Active,Sales,Lynn Daneault,21.0,Employee Referral,Fully Meets,3.31,5.0,0.0,1/28/2019,0.0,44.224503764544835
21,"Costa, Latia",1409070567.0,0.0,0.0,0.0,1.0,6.0,4.0,0.0,55.0,0.0,3.0,Area Sales Manager,CA,90007.0,1988-11-08,F,Single,US Citizen,No,White,2011-01-10,,N/A - still employed,Active,Sales,Lynn Daneault,21.0,Other,Exceeds,4.77,5.0,0.0,1/27/2019,0.0,30.882956878850102
22,"Fraval, Maruk ",1411071302.0,0.0,0.0,1.0,1.0,6.0,3.0,0.0,55.0,0.0,3.0,Area Sales Manager,CT,6050.0,1963-08-28,M ,Single,US Citizen,No,Black or African American,2011-09-06,,N/A - still employed,Active,Sales,Lynn Daneault,21.0,Monster.com,Fully Meets,1.64,3.0,0.0,1/27/2019,0.0,56.082135523613964
23,"Givens, Myriam",1203032099.0,0.0,0.0,0.0,1.0,6.0,3.0,0.0,55.0,0.0,3.0,Area Sales Manager,IN,46204.0,1989-09-22,F,Single,US Citizen,No,White,2015-02-16,,N/A - still employed,Active,Sales,Lynn Daneault,21.0,Pay Per Click - Google,Fully Meets,1.72,5.0,0.0,1/25/2019,0.0,30.012320328542096
24,Jeremy Prater,1001084890.0,1.0,1.0,1.0,1.0,6.0,1.0,0.0,56.0,0.0,3.0,Area Sales Manager,NV,89139.0,1974-05-09,M ,Married,US Citizen,No,White,2014-05-12,,N/A - still employed,Active,Sales,Lynn Daneault,21.0,Website Banner Ads,PIP,1.81,2.0,0.0,1/17/2019,0.0,45.385352498288846
25,"Khemmich, Bartholemew",1104025008.0,0.0,0.0,1.0,1.0,6.0,3.0,0.0,55.0,0.0,3.0,Area Sales Manager,CO,80820.0,1979-11-27,M ,Single,US Citizen,No,White,2013-08-19,,N/A - still employed,Active,Sales,Lynn Daneault,21.0,Pay Per Click - Google,Fully Meets,2.19,5.0,0.0,1/22/2019,0.0,39.832991101984945
26,"Martins, Joseph",1209048771.0,0.0,0.0,1.0,1.0,6.0,3.0,0.0,56.0,0.0,3.0,Area Sales Manager,TX,78207.0,1970-06-11,M ,Single,Eligible NonCitizen,No,Black or African American,2012-05-14,,N/A - still employed,Active,Sales,Lynn Daneault,21.0,Employee Referral,Fully Meets,2.94,5.0,0.0,1/19/2019,0.0,49.295003422313485
27,"McKinzie, Jac",1209049326.0,1.0,1.0,1.0,2.0,6.0,3.0,0.0,55.0,0.0,3.0,Area Sales Manager,TX,78789.0,1984-07-01,M ,Married,US Citizen,No,Two or more races,2016-07-06,,N/A - Has not started yet,Future Start,Sales,Lynn Daneault,21.0,Website Banner Ads,Fully Meets,2.91,4.0,0.0,1/29/2019,0.0,35.238877481177276
28,"Nguyen, Dheepa",1111030684.0,0.0,0.0,0.0,1.0,6.0,3.0,0.0,55.0,0.0,3.0,Area Sales Manager,GA,30428.0,1989-03-31,F,Single,US Citizen,No,Two or more races,2013-07-08,,N/A - still employed,Active,Sales,Lynn Daneault,21.0,Pay Per Click - Google,Fully Meets,5.0,5.0,0.0,1/25/2019,0.0,30.491444216290212
29,"Onque, Jasmine",1501072180.0,0.0,0.0,0.0,1.0,6.0,3.0,0.0,57.0,0.0,3.0,Area Sales Manager,FL,33174.0,1990-05-11,F,Single,US Citizen,Yes,White,2013-09-30,,N/A - still employed,Active,Sales,Lynn Daneault,21.0,Pay Per Click - Google,Fully Meets,4.28,3.0,0.0,1/25/2019,0.0,29.37987679671458
30,"Potts, Xana",1102024106.0,1.0,1.0,0.0,1.0,6.0,3.0,0.0,55.0,0.0,3.0,Area Sales Manager,KY,40220.0,1988-08-29,F,Married,US Citizen,No,Black or African American,2012-01-09,,N/A - still employed,Active,Sales,Lynn Daneault,21.0,Website Banner Ads,Fully Meets,4.2,5.0,0.0,2/1/2019,0.0,31.077344284736483
31,"Riordan, Michael",1502072711.0,0.0,3.0,1.0,1.0,6.0,4.0,0.0,55.0,0.0,3.0,Area Sales Manager,ND,58782.0,1968-01-15,M ,Separated,US Citizen,No,White,2006-01-09,,N/A - still employed,Active,Sales,Lynn Daneault,21.0,Billboard,Exceeds,4.1,3.0,0.0,1/4/2019,0.0,51.69883641341547
32,"Terry, Sharlene ",1401064637.0,0.0,0.0,0.0,1.0,6.0,3.0,0.0,55.0,0.0,3.0,Area Sales Manager,OR,97756.0,1965-05-07,F,Single,US Citizen,No,Black or African American,2014-09-29,,N/A - still employed,Active,Sales,Lynn Daneault,21.0,Monster.com,Fully Meets,3.69,3.0,0.0,1/28/2019,0.0,54.390143737166326
33,"Rachael, Maggie",1009919940.0,1.0,1.0,0.0,1.0,3.0,3.0,0.0,45.0,0.0,4.0,BI Developer,MA,2110.0,1980-05-12,F,Married,US Citizen,No,Black or African American,2016-10-02,,N/A - still employed,Active,IT/IS,Brian Champaigne,13.0,Indeed,Fully Meets,2.02,4.0,6.0,2/6/2019,0.0,39.37577002053388
34,"Smith, Jason",1009919980.0,0.0,0.0,1.0,1.0,3.0,3.0,0.0,46.0,0.0,4.0,BI Developer,MA,2045.0,1983-09-04,M ,Single,US Citizen,No,White,2017-02-15,,N/A - still employed,Active,IT/IS,Brian Champaigne,13.0,Indeed,Fully Meets,3.01,5.0,7.0,1/23/2019,0.0,36.062970568104035
35,"Westinghouse, Matthew",1009919990.0,1.0,1.0,1.0,1.0,3.0,3.0,0.0,45.0,0.0,4.0,BI Developer,MA,2134.0,1987-10-24,M ,Married,US Citizen,No,White,2017-04-20,,N/A - still employed,Active,IT/IS,Brian Champaigne,13.0,Indeed,Fully Meets,1.82,3.0,6.0,1/2/2019,0.0,31.926078028747433
36,"Hubert, Robert",1009920000.0,1.0,1.0,1.0,1.0,3.0,3.0,0.0,45.0,0.0,4.0,BI Developer,MA,2134.0,1989-06-30,M ,Married,US Citizen,No,Black or African American,2017-04-20,,N/A - still employed,Active,IT/IS,Brian Champaigne,13.0,Indeed,Fully Meets,2.06,5.0,5.0,1/28/2019,0.0,30.24229979466119
37,"Champaigne, Brian",1009919920.0,1.0,1.0,1.0,1.0,3.0,3.0,0.0,63.5,0.0,5.0,BI Director,MA,2045.0,1972-02-09,M ,Married,US Citizen,No,White,2016-09-06,,N/A - still employed,Active,IT/IS,Jennifer Zamora,5.0,Professional Society,Fully Meets,4.5,5.0,7.0,1/15/2019,0.0,47.630390143737166
38,"Zamora, Jennifer",1112030816.0,0.0,0.0,0.0,1.0,3.0,4.0,0.0,65.0,0.0,6.0,CIO,MA,2067.0,1979-08-30,F,Single,US Citizen,No,White,2010-04-10,,N/A - still employed,Active,IT/IS,Janet King,2.0,Employee Referral,Exceeds,1.12,5.0,6.0,2/21/2019,0.0,40.0766598220397
39,"Roper, Katie",1009919950.0,0.0,0.0,0.0,1.0,3.0,3.0,0.0,55.0,0.0,7.0,Data Architect,MA,2056.0,1972-11-21,F,Single,US Citizen,No,Black or African American,2017-01-07,,N/A - still employed,Active,IT/IS,Brian Champaigne,13.0,Indeed,Fully Meets,4.94,3.0,5.0,2/6/2019,0.0,46.847364818617386
40,"Becker, Renee",1102024056.0,0.0,0.0,0.0,4.0,3.0,3.0,0.0,43.0,1.0,8.0,Database Administrator,MA,2026.0,1986-04-04,F,Single,US Citizen,Yes,White,2014-07-07,2015-09-12,performance,Terminated for Cause,IT/IS,Simon Roup,4.0,Search Engine - Google Bing Yahoo,Fully Meets,1.87,4.0,5.0,,,33.48117727583847
41,"Goble, Taisha",905013738.0,0.0,0.0,0.0,4.0,3.0,3.0,0.0,48.5,1.0,8.0,Database Administrator,MA,2127.0,1971-10-23,F,Single,US Citizen,No,White,2015-02-16,2015-03-15,"no-call, no-show",Terminated for Cause,IT/IS,Simon Roup,4.0,Glassdoor,Fully Meets,1.87,4.0,4.0,,,47.92881587953457
42,"Hernandez, Daniff",1410071156.0,1.0,1.0,1.0,4.0,3.0,3.0,0.0,40.1,1.0,8.0,Database Administrator,MA,1960.0,1986-08-07,M ,Married,US Citizen,No,Black or African American,2015-02-16,2015-02-22,"no-call, no-show",Terminated for Cause,IT/IS,Simon Roup,4.0,Employee Referral,Fully Meets,4.33,3.0,7.0,,,33.138945927446954
43,"Horton, Jayne",1105025718.0,0.0,0.0,0.0,1.0,3.0,3.0,0.0,34.0,0.0,8.0,Database Administrator,MA,2493.0,1984-02-21,F,Single,US Citizen,No,White,2015-03-30,,N/A - still employed,Active,IT/IS,Simon Roup,4.0,Glassdoor,Fully Meets,4.48,5.0,6.0,1/3/2019,0.0,35.59753593429158
44,"Johnson, Noelle ",1003018246.0,1.0,1.0,0.0,3.0,3.0,3.0,0.0,40.0,0.0,8.0,Database Administrator,MA,2301.0,1986-11-07,F,Married,US Citizen,No,Asian,2015-01-05,,N/A - still employed,Leave of Absence,IT/IS,Simon Roup,4.0,Glassdoor,Fully Meets,3.75,3.0,5.0,2/11/2019,0.0,32.8870636550308
45,"Murray, Thomas",1406068403.0,0.0,2.0,1.0,1.0,3.0,4.0,1.0,35.5,0.0,9.0,Data Analyst,TX,78230.0,1988-07-04,M ,Divorced,US Citizen,No,Black or African American,2014-11-10,,N/A - still employed,Active,IT/IS,Simon Roup,4.0,Diversity Job Fair,Exceeds,4.28,4.0,5.0,2/25/2019,0.0,31.23066392881588
46,"Pearson, Randall",1102023965.0,1.0,1.0,1.0,5.0,3.0,3.0,0.0,41.0,1.0,9.0,Data Analyst,MA,2747.0,1984-09-05,M ,Married,US Citizen,No,White,2014-12-01,2016-05-01,performance,Voluntarily Terminated,IT/IS,Simon Roup,4.0,Employee Referral,Fully Meets,1.62,4.0,5.0,,,35.058179329226554
47,"Petrowsky, Thelma",1108027853.0,1.0,1.0,0.0,1.0,3.0,4.0,0.0,42.75,0.0,9.0,Data Analyst,MA,1886.0,1984-09-16,F,Married,US Citizen,No,Asian,2014-11-10,,N/A - still employed,Active,IT/IS,Simon Roup,4.0,Employee Referral,Exceeds,3.71,5.0,7.0,1/4/2019,0.0,35.0280629705681
48,"Roby, Lori ",1407068885.0,1.0,1.0,0.0,1.0,3.0,3.0,0.0,39.55,0.0,9.0,Data Analyst,MA,1886.0,1981-10-11,F,Married,US Citizen,No,White,2015-02-16,,N/A - still employed,Active,IT/IS,Simon Roup,4.0,Employee Referral,Fully Meets,3.69,5.0,6.0,2/14/2019,0.0,37.960301163586585
49,"Rogers, Ivan",1203032255.0,1.0,1.0,1.0,1.0,3.0,3.0,0.0,42.2,0.0,9.0,Data Analyst,MA,1810.0,1986-08-26,M ,Married,US Citizen,No,White,2015-03-30,,N/A - still employed,Active,IT/IS,Simon Roup,4.0,Pay Per Click - Google,Fully Meets,3.04,3.0,6.0,1/22/2019,0.0,33.086926762491444
50,"Salter, Jason",1111030148.0,0.0,2.0,1.0,5.0,3.0,3.0,0.0,45.0,1.0,9.0,Data Analyst ,MA,2452.0,1987-12-17,M ,Divorced,US Citizen,No,Black or African American,2015-01-05,2015-10-31,hours,Voluntarily Terminated,IT/IS,Simon Roup,4.0,Vendor Referral,Fully Meets,2.19,3.0,5.0,,,31.7782340862423
51,"Simard, Kramer",808010278.0,1.0,1.0,1.0,1.0,3.0,3.0,0.0,30.2,0.0,9.0,Data Analyst,MA,2110.0,1970-02-08,M ,Married,US Citizen,Yes,White,2015-01-05,,N/A - still employed,Active,IT/IS,Simon Roup,4.0,Employee Referral,Fully Meets,3.32,3.0,7.0,1/14/2019,0.0,49.63175906913073
52,"Zhou, Julia",1110029732.0,0.0,0.0,0.0,1.0,3.0,3.0,0.0,31.4,0.0,9.0,Data Analyst,MA,2148.0,1979-02-24,F,Single,US Citizen,No,White,2015-03-30,,N/A - still employed,Active,IT/IS,Simon Roup,4.0,Employee Referral,Fully Meets,5.0,3.0,5.0,2/1/2019,0.0,40.5886379192334
53,"Bramante, Elisa",1006020066.0,0.0,0.0,0.0,1.0,5.0,4.0,0.0,60.0,0.0,10.0,Director of Operations,MA,2030.0,1983-03-19,F,Single,US Citizen,No,Black or African American,2009-01-05,,N/A - still employed,Active,Production       ,Janet King,2.0,Other,Exceeds,3.02,5.0,0.0,2/4/2019,0.0,36.525667351129364
54,"Houlihan, Debra",1009021646.0,1.0,1.0,0.0,1.0,6.0,3.0,0.0,60.0,0.0,11.0,Director of Sales,RI,2908.0,1966-03-17,F,Married,US Citizen,No,White,2014-05-05,,N/A - still employed,Active,Sales,Janet King,2.0,MBTA ads,Fully Meets,1.22,4.0,0.0,1/21/2019,0.0,53.530458590006845
55,"Foss, Jason",1192991000.0,0.0,0.0,1.0,1.0,3.0,4.0,0.0,65.0,0.0,12.0,IT Director,MA,1460.0,1980-07-05,M ,Single,US Citizen,No,Black or African American,2011-04-15,,N/A - still employed,Active,IT/IS,Jennifer Zamora,5.0,Professional Society,Exceeds,3.76,5.0,5.0,1/7/2019,0.0,39.227926078028744
56,"Roup,Simon",1106026933.0,0.0,0.0,1.0,1.0,3.0,3.0,0.0,62.0,0.0,13.0,IT Manager - DB,MA,2481.0,1973-04-05,M ,Single,US Citizen,No,White,2013-01-20,,N/A - still employed,Active,IT/IS,Jennifer Zamora,5.0,Professional Society,Fully Meets,2.96,5.0,7.0,2/18/2019,0.0,46.47775496235455
57,"Ruiz, Ricardo",1001175250.0,0.0,2.0,1.0,5.0,3.0,3.0,1.0,21.0,1.0,13.0,IT Manager - DB,MA,1915.0,1964-01-04,M ,Divorced,US Citizen,No,Two or more races,2012-01-09,2015-11-04,hours,Voluntarily Terminated,IT/IS,Jennifer Zamora,5.0,Diversity Job Fair,Fully Meets,2.51,4.0,6.0,,,55.728952772073924
58,"Monroe, Peter",1011022863.0,1.0,1.0,1.0,1.0,3.0,2.0,1.0,63.0,0.0,13.0,IT Manager - Infra,MA,2134.0,1986-10-05,M ,Married,Eligible NonCitizen,Yes,Hispanic,2012-02-15,,N/A - still employed,Active,IT/IS,Jennifer Zamora,5.0,Diversity Job Fair,Needs Improvement,2.39,3.0,6.0,2/22/2019,0.0,32.97741273100616
59,"Dougall, Eric",1101023754.0,0.0,0.0,1.0,1.0,3.0,4.0,0.0,64.0,0.0,13.0,IT Manager - Support,MA,1886.0,1970-07-09,M ,Single,US Citizen,No,White,2014-01-05,,N/A - still employed,Active,IT/IS,Jennifer Zamora,5.0,Professional Society,Exceeds,1.99,5.0,5.0,1/4/2019,0.0,49.21834360027378
60,"Clayton, Rick",1301052902.0,0.0,0.0,1.0,1.0,3.0,3.0,0.0,28.99,0.0,14.0,IT Support,MA,2170.0,1985-09-05,M ,Single,US Citizen,No,White,2012-09-05,,N/A - still employed,Active,IT/IS,Eric Dougall,6.0,Glassdoor,Fully Meets,2.55,3.0,6.0,2/27/2019,0.0,34.05886379192334
61,"Galia, Lisa",1501072093.0,0.0,0.0,0.0,1.0,3.0,3.0,0.0,31.4,0.0,14.0,IT Support,CT,6040.0,1968-07-06,F,Single,US Citizen,No,White,2010-05-01,,N/A - still employed,Active,IT/IS,Eric Dougall,6.0,Vendor Referral,Fully Meets,1.21,4.0,5.0,2/1/2019,0.0,51.22518822724162
62,"Lindsay, Leonara ",602000312.0,0.0,0.0,0.0,1.0,3.0,4.0,1.0,26.0,0.0,14.0,IT Support,CT,6070.0,1988-10-05,F,Single,US Citizen,Yes,Two or more races,2011-01-21,,N/A - still employed,Active,IT/IS,Eric Dougall,6.0,Diversity Job Fair,Exceeds,4.64,4.0,5.0,1/25/2019,0.0,30.976043805612594
63,"Soto, Julia ",1203032263.0,1.0,1.0,0.0,1.0,3.0,3.0,0.0,27.49,0.0,14.0,IT Support,MA,2360.0,1973-03-12,F,Married,US Citizen,No,Black or African American,2011-06-10,,N/A - still employed,Active,IT/IS,Eric Dougall,6.0,Information Session,Fully Meets,4.3,3.0,5.0,2/8/2019,0.0,46.54346338124572
64,"Bacong, Alejandro ",1212052023.0,0.0,2.0,1.0,1.0,3.0,3.0,0.0,45.0,0.0,14.0,IT Support,MA,1886.0,1988-01-07,M ,Divorced,US Citizen,No,White,2015-01-05,,N/A - still employed,Active,IT/IS,Peter Monroe,7.0,Glassdoor,Fully Meets,1.84,5.0,6.0,2/18/2019,0.0,31.720739219712527
65,"Cisco, Anthony",1102024173.0,1.0,1.0,1.0,1.0,3.0,3.0,0.0,42.0,0.0,14.0,IT Support,MA,2135.0,1989-11-24,M ,Married,US Citizen,Yes,White,2015-03-30,,N/A - still employed,Active,IT/IS,Peter Monroe,7.0,Information Session,Fully Meets,2.21,5.0,7.0,1/10/2019,0.0,29.83983572895277
66,"Dolan, Linda",1101023540.0,1.0,1.0,0.0,1.0,3.0,3.0,0.0,37.0,0.0,14.0,IT Support,MA,2119.0,1988-07-18,F,Married,US Citizen,No,White,2015-01-05,,N/A - still employed,Active,IT/IS,Peter Monroe,7.0,Employee Referral,Fully Meets,4.11,4.0,6.0,2/25/2019,0.0,31.19233401779603
67,"Gonzalez, Maria",1988299991.0,0.0,3.0,0.0,1.0,3.0,3.0,0.0,39.0,0.0,14.0,IT Support,MA,2472.0,1981-04-16,F,Separated,US Citizen,Yes,White,2015-01-05,,N/A - still employed,Active,IT/IS,Peter Monroe,7.0,Employee Referral,Fully Meets,4.61,4.0,5.0,1/28/2019,0.0,38.4476386036961
68,"Merlos, Carlos",1012023013.0,0.0,0.0,1.0,1.0,3.0,1.0,0.0,43.0,0.0,15.0,Network Engineer,MA,2138.0,1987-06-18,M ,Single,US Citizen,No,White,2015-03-30,,N/A - still employed,Active,IT/IS,Peter Monroe,7.0,Vendor Referral,PIP,1.2,3.0,6.0,2/4/2019,0.0,32.276522929500345
69,"Morway, Tanya",1001956578.0,1.0,1.0,0.0,1.0,3.0,3.0,0.0,27.0,0.0,15.0,Network Engineer,MA,2048.0,1979-04-04,F,Married,US Citizen,No,White,2015-02-16,,N/A - still employed,Active,IT/IS,Peter Monroe,7.0,Monster.com,Fully Meets,3.81,3.0,6.0,2/11/2019,0.0,40.48186173853525
70,"Shepard, Anita ",906014183.0,1.0,1.0,0.0,1.0,3.0,3.0,0.0,47.0,0.0,15.0,Network Engineer,MA,1773.0,1981-04-14,F,Married,US Citizen,No,White,2014-09-30,,N/A - still employed,Active,IT/IS,Peter Monroe,7.0,Vendor Referral,Fully Meets,3.31,3.0,6.0,1/7/2019,0.0,38.45311430527036
71,"Tredinnick, Neville ",1104025466.0,1.0,1.0,1.0,5.0,3.0,3.0,0.0,28.0,1.0,15.0,Network Engineer,MA,1420.0,1988-05-05,M ,Married,US Citizen,No,White,2015-01-05,2015-05-12,medical issues,Voluntarily Terminated,IT/IS,Peter Monroe,7.0,Monster.com,Fully Meets,5.0,3.0,5.0,,,31.394934976043807
72,"Turpin, Jumil",1411071506.0,1.0,1.0,1.0,1.0,3.0,3.0,0.0,49.1,0.0,15.0,Network Engineer,MA,2343.0,1969-03-31,M ,Married,Eligible NonCitizen,No,White,2015-03-30,,N/A - still employed,Active,IT/IS,Peter Monroe,7.0,Employee Referral,Fully Meets,5.0,4.0,7.0,1/14/2019,0.0,50.49144421629021
73,"King, Janet",1001495124.0,1.0,1.0,0.0,1.0,2.0,3.0,0.0,80.0,0.0,16.0,President & CEO,MA,1902.0,1954-09-21,F,Married,US Citizen,Yes,White,2012-07-02,,N/A - still employed,Active,Executive Office,Board of Directors,9.0,Pay Per Click - Google,Fully Meets,4.83,3.0,0.0,1/17/2019,0.0,65.01574264202601
74,"Albert, Michael  ",1501072311.0,0.0,2.0,1.0,1.0,5.0,3.0,0.0,54.5,0.0,17.0,Production Manager,MA,2169.0,1968-10-10,M ,Divorced,US Citizen,No,White,2011-08-01,,N/A - still employed,Active,Production       ,Janet King,2.0,Employee Referral,Fully Meets,3.93,3.0,0.0,2/27/2019,0.0,50.96235455167693
75,"Bozzi, Charles",1303054580.0,0.0,0.0,1.0,5.0,5.0,3.0,0.0,50.5,1.0,18.0,Production Manager,MA,1901.0,1970-03-10,M ,Single,US Citizen,No,Asian,2013-09-30,2014-08-07,retiring,Voluntarily Terminated,Production       ,Janet King,2.0,Billboard,Fully Meets,3.39,3.0,0.0,,,49.549623545516766
76,"Butler, Webster  L",1110029990.0,0.0,0.0,1.0,1.0,5.0,4.0,0.0,55.0,0.0,18.0,Production Manager,MA,2169.0,1983-08-09,M ,Single,US Citizen,No,White,2016-01-28,,N/A - still employed,Active,Production       ,Janet King,2.0,Pay Per Click - Google,Exceeds,5.0,3.0,0.0,2/22/2019,0.0,36.134154688569474
77,"Dunn, Amy  ",1409070147.0,0.0,0.0,0.0,1.0,5.0,3.0,0.0,51.0,0.0,18.0,Production Manager,MA,1731.0,1973-11-28,F,Single,US Citizen,No,White,2014-09-18,,N/A - still employed,Active,Production       ,Janet King,2.0,Search Engine - Google Bing Yahoo,Fully Meets,4.52,4.0,0.0,1/15/2019,0.0,45.828884325804246
78,"Gray, Elijiah  ",1307060077.0,0.0,2.0,1.0,1.0,5.0,3.0,0.0,54.0,0.0,18.0,Production Manager,MA,1752.0,1981-07-11,M ,Divorced,US Citizen,No,White,2015-06-02,,N/A - still employed,Active,Production       ,Janet King,2.0,Employee Referral,Fully Meets,4.63,3.0,0.0,1/4/2019,0.0,38.21218343600274
79,"Hogland, Jonathan ",1001944783.0,1.0,1.0,1.0,4.0,5.0,3.0,0.0,48.5,1.0,18.0,Production Manager,MA,1890.0,1972-07-01,M ,Married,US Citizen,No,White,2011-01-10,2015-12-12,attendance,Terminated for Cause,Production       ,Janet King,2.0,Employee Referral,Fully Meets,4.78,4.0,0.0,,,47.238877481177276
80,"Immediato, Walter",1403065874.0,1.0,1.0,1.0,5.0,5.0,2.0,0.0,42.0,1.0,18.0,Production Manager,MA,2128.0,1976-11-15,M ,Married,US Citizen,No,Asian,2011-02-21,2012-09-24,unhappy,Voluntarily Terminated,Production       ,Janet King,2.0,Other,Needs Improvement,2.34,2.0,0.0,,,42.86379192334018
81,"Liebig, Ketsia",1103024679.0,1.0,1.0,0.0,1.0,5.0,4.0,0.0,55.0,0.0,18.0,Production Manager,MA,2110.0,1981-10-26,F,Married,US Citizen,No,White,2013-09-30,,N/A - still employed,Active,Production       ,Janet King,2.0,Website Banner Ads,Exceeds,3.66,3.0,0.0,1/21/2019,0.0,37.9192334017796
82,"Miller, Brannon",1107027351.0,0.0,0.0,1.0,1.0,5.0,3.0,0.0,53.0,0.0,18.0,Production Manager,MA,2045.0,1981-08-10,M ,Single,US Citizen,yes,Hispanic,2012-08-16,,N/A - still employed,Active,Production       ,Janet King,2.0,Internet Search,Fully Meets,4.37,3.0,0.0,1/14/2019,0.0,38.130047912388775
83,"Peterson, Ebonee  ",1402065355.0,1.0,1.0,0.0,5.0,5.0,3.0,0.0,38.5,1.0,18.0,Production Manager,MA,2030.0,1977-05-09,F,Married,US Citizen,No,White,2010-10-25,2016-05-18,Another position,Voluntarily Terminated,Production       ,Janet King,2.0,Internet Search,Fully Meets,4.16,5.0,0.0,,,42.38466803559206
84,"Spirea, Kelley",1102024149.0,1.0,1.0,0.0,1.0,5.0,3.0,0.0,52.0,0.0,18.0,Production Manager,MA,2451.0,1975-09-30,F,Married,US Citizen,No,White,2012-10-02,,N/A - still employed,Active,Production       ,Janet King,2.0,Vendor Referral,Fully Meets,4.83,5.0,0.0,2/14/2019,0.0,43.9917864476386
85,"Stanley, David ",1000974650.0,0.0,2.0,1.0,1.0,5.0,2.0,0.0,53.0,0.0,18.0,Production Manager,MA,1803.0,1975-12-17,M ,Divorced,US Citizen,No,White,2010-07-20,,N/A - still employed,Active,Production       ,Janet King,2.0,Monster.com,Needs Improvement,4.13,2.0,0.0,1/14/2019,0.0,43.7782340862423
86,"Sullivan, Kissy ",1405067298.0,1.0,1.0,0.0,1.0,5.0,3.0,0.0,55.0,0.0,18.0,Production Manager,MA,1776.0,1978-03-28,F,Married,US Citizen,No,Black or African American,2009-01-08,,N/A - still employed,Active,Production       ,Janet King,2.0,Billboard,Fully Meets,3.73,4.0,0.0,1/24/2019,0.0,41.50034223134839
87,"Wallace, Courtney  E",1410071026.0,1.0,1.0,0.0,5.0,5.0,3.0,1.0,33.5,1.0,18.0,Production Manager,MA,2478.0,1955-11-14,F,Married,US Citizen,No,Black or African American,2011-09-26,2012-01-02,Another position,Voluntarily Terminated,Production       ,Janet King,2.0,Diversity Job Fair,Fully Meets,1.18,3.0,0.0,,,63.86858316221766
88,"Anderson, Linda  ",1304055947.0,0.0,0.0,0.0,1.0,5.0,4.0,0.0,23.0,0.0,19.0,Production Technician I,MA,1844.0,1977-05-22,F,Single,US Citizen,No,White,2012-01-09,,N/A - still employed,Active,Production       ,Amy Dunn,11.0,MBTA ads,Exceeds,5.0,5.0,0.0,1/7/2019,0.0,42.34907597535934
89,"Bernstein, Sean",1109029366.0,0.0,0.0,1.0,1.0,5.0,3.0,0.0,16.0,0.0,19.0,Production Technician I,MA,2072.0,1970-12-22,M ,Single,US Citizen,Yes,White,2012-04-02,,N/A - still employed,Active,Production       ,Amy Dunn,11.0,Word of Mouth,Fully Meets,5.0,3.0,0.0,1/14/2019,0.0,48.76386036960986
90,"Chivukula, Enola",1101023394.0,0.0,0.0,0.0,5.0,5.0,3.0,0.0,21.0,1.0,19.0,Production Technician I,MA,1775.0,1983-08-27,F,Single,US Citizen,No,White,2011-06-27,2015-11-15,relocation out of area,Voluntarily Terminated,Production       ,Amy Dunn,11.0,Other,Fully Meets,2.0,4.0,0.0,,,36.0848733744011
91,"Desimone, Carl ",1501072124.0,1.0,1.0,1.0,1.0,5.0,1.0,0.0,20.0,0.0,19.0,Production Technician I,MA,2061.0,1967-04-19,M ,Married,US Citizen,No,White,2014-07-07,,N/A - still employed,Active,Production       ,Amy Dunn,11.0,Professional Society,PIP,1.12,2.0,0.0,1/31/2019,0.0,52.440793976728266
92,"Fernandes, Nilson  ",1302053339.0,1.0,1.0,1.0,1.0,5.0,1.0,0.0,18.0,0.0,19.0,Production Technician I,MA,2132.0,1989-10-18,M ,Married,US Citizen,No,White,2015-05-11,,N/A - still employed,Active,Production       ,Amy Dunn,11.0,Professional Society,PIP,1.56,5.0,0.0,1/3/2019,0.0,29.94113620807666
93,"Girifalco, Evelyn",1204032927.0,0.0,0.0,0.0,1.0,5.0,4.0,0.0,16.0,0.0,19.0,Production Technician I,MA,2451.0,1980-05-08,F,Single,US Citizen,Yes,Two or more races,2014-09-29,,N/A - still employed,Active,Production       ,Amy Dunn,11.0,Professional Society,Exceeds,3.39,4.0,0.0,2/7/2019,0.0,39.38672142368241
94,"Harrison, Kara",1404066622.0,1.0,1.0,0.0,1.0,5.0,4.0,0.0,20.0,0.0,19.0,Production Technician I,MA,1886.0,1974-05-02,F,Married,US Citizen,No,White,2014-05-12,,N/A - still employed,Active,Production       ,Amy Dunn,11.0,Monster.com,Exceeds,4.76,4.0,0.0,2/15/2019,0.0,45.40451745379877
95,"Kirill, Alexandra  ",903013071.0,1.0,1.0,0.0,5.0,5.0,3.0,0.0,24.0,1.0,19.0,Production Technician I,MA,2127.0,1970-10-08,F,Married,US Citizen,No,White,2011-09-26,2012-01-09,more money,Voluntarily Terminated,Production       ,Amy Dunn,11.0,Search Engine - Google Bing Yahoo,Fully Meets,3.49,4.0,0.0,,,48.969199178644764
96,"MacLennan, Samuel",1201031032.0,0.0,4.0,1.0,5.0,5.0,3.0,0.0,15.0,1.0,19.0,Production Technician I,MA,1938.0,1972-11-09,M ,Widowed,US Citizen,No,White,2012-09-24,2012-09-26,hours,Voluntarily Terminated,Production       ,Amy Dunn,11.0,Pay Per Click,Fully Meets,3.08,4.0,0.0,,,46.88021902806297
97,"Ndzi, Horia",1204033044.0,1.0,1.0,1.0,5.0,5.0,3.0,0.0,22.0,1.0,19.0,Production Technician I,MA,2421.0,1983-03-28,M ,Married,US Citizen,No,White,2013-04-01,2016-05-25,more money,Voluntarily Terminated,Production       ,Amy Dunn,11.0,Employee Referral,Fully Meets,3.18,3.0,0.0,,,36.50102669404517
98,"Perry, Shakira",1109029186.0,0.0,0.0,0.0,5.0,5.0,3.0,0.0,22.0,1.0,19.0,Production Technician I,MA,2176.0,1986-07-20,F,Single,US Citizen,No,White,2011-05-16,2015-10-25,medical issues,Voluntarily Terminated,Production       ,Amy Dunn,11.0,MBTA ads,Fully Meets,3.45,4.0,0.0,,,33.18822724161533
99,"Robinson, Alain  ",1206038000.0,1.0,1.0,1.0,5.0,5.0,3.0,0.0,24.0,1.0,19.0,Production Technician I,MA,1420.0,1974-01-07,M ,Married,US Citizen,No,Black or African American,2011-01-10,2016-01-26,attendance,Voluntarily Terminated,Production       ,Amy Dunn,11.0,Glassdoor,Fully Meets,5.0,3.0,0.0,,,45.719370294318956
100,"Shields, Seffi",1205033102.0,1.0,1.0,0.0,1.0,5.0,3.0,0.0,15.0,0.0,19.0,Production Technician I,MA,2149.0,1985-08-24,F,Married,US Citizen,No,White,2013-08-19,,N/A - still employed,Active,Production       ,Amy Dunn,11.0,Newspager/Magazine,Fully Meets,4.81,4.0,0.0,2/15/2019,0.0,34.091718001368925
101,"Theamstern, Sophia",1404066739.0,0.0,0.0,0.0,5.0,5.0,3.0,0.0,20.0,1.0,19.0,Production Technician I,MA,2066.0,1965-05-09,F,Single,US Citizen,No,White,2011-07-05,2011-09-05,return to school,Voluntarily Terminated,Production       ,Amy Dunn,11.0,Billboard,Fully Meets,3.98,4.0,0.0,,,54.38466803559206
102,"Wilber, Barry",1101023839.0,1.0,1.0,1.0,5.0,5.0,3.0,0.0,21.0,1.0,19.0,Production Technician I,MA,2324.0,1965-09-09,M ,Married,Eligible NonCitizen,No,White,2011-05-16,2015-09-07,unhappy,Voluntarily Terminated,Production       ,Amy Dunn,11.0,Website Banner Ads,Fully Meets,5.0,3.0,0.0,,,54.04791238877481
103,"Bachiochi, Linda",1212051409.0,0.0,0.0,0.0,3.0,5.0,3.0,1.0,22.0,0.0,19.0,Production Technician I,MA,1902.0,1970-02-11,F,Single,US Citizen,No,Two or more races,2009-07-06,,N/A - still employed,Leave of Absence,Production       ,Brannon Miller,12.0,Diversity Job Fair,Fully Meets,4.46,3.0,0.0,1/25/2019,0.0,49.62354551676933
104,"Billis, Helen",1308060366.0,1.0,1.0,0.0,1.0,5.0,4.0,0.0,16.0,0.0,19.0,Production Technician I,MA,2031.0,1989-09-01,F,Married,US Citizen,No,White,2014-07-07,,N/A - still employed,Active,Production       ,Brannon Miller,12.0,Professional Society,Exceeds,5.0,3.0,0.0,2/27/2019,0.0,30.069815195071868
105,"Clukey, Elijian",1407069280.0,1.0,1.0,1.0,2.0,5.0,4.0,0.0,24.75,0.0,19.0,Production Technician I,MA,2134.0,1980-08-26,M ,Married,US Citizen,No,White,2016-07-06,,N/A - Has not started yet,Future Start,Production       ,Brannon Miller,12.0,Employee Referral,Exceeds,1.97,4.0,0.0,2/28/2019,0.0,39.08555783709788
106,"DiNocco, Lily ",1209048696.0,1.0,1.0,0.0,1.0,5.0,2.0,0.0,22.0,0.0,19.0,Production Technician I,MA,2351.0,1978-12-02,F,Married,US Citizen,No,Black or African American,2013-01-07,,N/A - still employed,Active,Production       ,Brannon Miller,12.0,Pay Per Click - Google,Needs Improvement,3.88,4.0,0.0,1/18/2019,0.0,40.818617385352496
107,"Fidelia,  Libby",1006020020.0,1.0,1.0,0.0,1.0,5.0,3.0,0.0,24.0,0.0,19.0,Production Technician I,MA,2155.0,1981-03-16,F,Married,US Citizen,No,White,2012-01-09,,N/A - still employed,Active,Production       ,Brannon Miller,12.0,Social Networks - Facebook Twitter etc,Fully Meets,5.0,5.0,0.0,1/29/2019,0.0,38.53251197809719
108,"Gonzalez, Cayo",1411071212.0,0.0,2.0,1.0,1.0,5.0,4.0,1.0,16.0,0.0,19.0,Production Technician I,MA,2108.0,1969-09-29,M ,Divorced,US Citizen,No,American Indian or Alaska Native,2011-07-11,,N/A - still employed,Active,Production       ,Brannon Miller,12.0,Diversity Job Fair,Exceeds,1.83,4.0,0.0,2/18/2019,0.0,49.99315537303217
109,"Ivey, Rose ",1408069882.0,0.0,0.0,0.0,1.0,5.0,3.0,0.0,16.0,0.0,19.0,Production Technician I,MA,1775.0,1991-01-28,F,Single,US Citizen,No,White,2013-08-19,,N/A - still employed,Active,Production       ,Brannon Miller,12.0,Professional Society,Fully Meets,3.99,3.0,0.0,1/14/2019,0.0,28.66255989048597
110,"Kretschmer, John",1311062610.0,1.0,1.0,1.0,1.0,5.0,3.0,0.0,21.0,0.0,19.0,Production Technician I,MA,1801.0,1980-02-02,M ,Married,US Citizen,No,Asian,2011-01-10,,N/A - still employed,Active,Production       ,Brannon Miller,12.0,Pay Per Click - Google,Fully Meets,3.38,3.0,0.0,1/21/2019,0.0,39.64955509924709
111,"Mangal, Debbie",1308060754.0,1.0,1.0,0.0,1.0,5.0,3.0,0.0,23.0,0.0,19.0,Production Technician I,MA,2451.0,1974-11-07,F,Married,US Citizen,No,White,2013-11-11,,N/A - still employed,Active,Production       ,Brannon Miller,12.0,On-campus Recruiting,Fully Meets,1.04,3.0,0.0,1/22/2019,0.0,44.8870636550308
112,"Ngodup, Shari ",1403066020.0,0.0,3.0,0.0,1.0,5.0,4.0,1.0,15.0,0.0,19.0,Production Technician I,MA,1810.0,1967-06-03,F,Separated,US Citizen,No,Asian,2013-04-01,,N/A - still employed,Active,Production       ,Brannon Miller,12.0,Diversity Job Fair,Exceeds,1.12,3.0,0.0,2/13/2019,0.0,52.31759069130732
113,"Pham, Hong",1305057440.0,1.0,1.0,1.0,5.0,5.0,3.0,0.0,18.0,1.0,19.0,Production Technician I,MA,2451.0,1988-03-06,M ,Married,US Citizen,No,White,2011-07-05,2012-11-30,more money,Voluntarily Terminated,Production       ,Brannon Miller,12.0,Search Engine - Google Bing Yahoo,Fully Meets,5.0,3.0,0.0,,,31.55920602327173
114,"Robinson, Elias",1011022887.0,0.0,4.0,1.0,1.0,5.0,4.0,0.0,17.0,0.0,19.0,Production Technician I,MA,1730.0,1985-01-28,M ,Widowed,US Citizen,No,White,2013-07-08,,N/A - still employed,Active,Production       ,Brannon Miller,12.0,Employee Referral,Exceeds,3.02,5.0,0.0,2/11/2019,0.0,34.6611909650924
115,"Sparks, Taylor  ",1410071137.0,1.0,1.0,0.0,1.0,5.0,1.0,0.0,16.0,0.0,19.0,Production Technician I,MA,2093.0,1968-07-20,F,Married,US Citizen,No,White,2012-02-20,,N/A - still employed,Active,Production       ,Brannon Miller,12.0,Billboard,PIP,4.11,2.0,0.0,2/25/2019,0.0,51.186858316221766
116,"Tippett, Jeanette",1409070255.0,0.0,2.0,0.0,1.0,5.0,3.0,0.0,24.0,0.0,19.0,Production Technician I,MA,2093.0,1967-06-05,F,Divorced,US Citizen,No,Black or African American,2013-02-18,,N/A - still employed,Active,Production       ,Brannon Miller,12.0,Billboard,Fully Meets,4.21,5.0,0.0,1/14/2019,0.0,52.31211498973306
117,"Ybarra, Catherine ",1001268402.0,0.0,0.0,0.0,5.0,5.0,1.0,0.0,22.0,1.0,19.0,Production Technician I,MA,2458.0,1982-05-04,F,Single,US Citizen,No,Asian,2008-09-02,2015-09-29,Another position,Voluntarily Terminated,Production       ,Brannon Miller,12.0,Search Engine - Google Bing Yahoo,PIP,4.29,2.0,0.0,,,37.399041752224505
118,"Baczenski, Rachael  ",1307060083.0,1.0,1.0,0.0,5.0,5.0,3.0,1.0,17.0,1.0,19.0,Production Technician I,MA,1902.0,1974-01-12,F,Married,US Citizen,Yes,Hispanic,2011-01-10,2011-01-12,Another position,Voluntarily Terminated,Production       ,David Stanley,14.0,Diversity Job Fair,Fully Meets,1.79,4.0,0.0,,,45.7056810403833
119,"Brill, Donna",1406068293.0,1.0,1.0,0.0,5.0,5.0,3.0,0.0,20.0,1.0,19.0,Production Technician I,MA,1701.0,1990-08-24,F,Married,US Citizen,No,White,2012-04-02,2013-06-15,Another position,Voluntarily Terminated,Production       ,David Stanley,14.0,Search Engine - Google Bing Yahoo,Fully Meets,3.35,4.0,0.0,,,29.09240246406571
120,"Cockel, James",1599991009.0,0.0,0.0,1.0,1.0,5.0,3.0,0.0,15.0,0.0,19.0,Production Technician I,MA,2452.0,1977-09-08,M ,Single,US Citizen,No,White,2013-07-08,,N/A - still employed,Active,Production       ,David Stanley,14.0,Employee Referral,Fully Meets,1.51,5.0,0.0,1/14/2019,0.0,42.050650239561946
121,"Dobrin, Denisa  S",1202031618.0,0.0,0.0,0.0,1.0,5.0,3.0,0.0,16.75,0.0,19.0,Production Technician I,MA,2125.0,1986-10-07,F,Single,US Citizen,Yes,White,2012-04-02,,N/A - still employed,Active,Production       ,David Stanley,14.0,Monster.com,Fully Meets,2.79,5.0,0.0,2/19/2019,0.0,32.9719370294319
122,"Garcia, Raul",1309061015.0,0.0,0.0,1.0,1.0,5.0,3.0,0.0,19.0,0.0,19.0,Production Technician I,MA,1905.0,1985-09-15,M ,Single,US Citizen,Yes,White,2015-03-30,,N/A - still employed,Active,Production       ,David Stanley,14.0,Employee Referral,Fully Meets,4.5,3.0,0.0,2/18/2019,0.0,34.03148528405202
123,"Gordon, David",1106026579.0,1.0,1.0,1.0,1.0,5.0,3.0,0.0,15.0,0.0,19.0,Production Technician I,MA,2169.0,1979-05-21,M ,Married,US Citizen,No,White,2012-07-02,,N/A - still employed,Active,Production       ,David Stanley,14.0,MBTA ads,Fully Meets,5.0,3.0,0.0,1/14/2019,0.0,40.35318275154004
124,"Jackson, Maryellen",1201031438.0,0.0,0.0,0.0,1.0,5.0,3.0,0.0,20.0,0.0,19.0,Production Technician I,MA,2081.0,1972-09-11,F,Single,US Citizen,No,White,2012-11-05,,N/A - still employed,Active,Production       ,David Stanley,14.0,Newspager/Magazine,Fully Meets,2.32,3.0,0.0,1/17/2019,0.0,47.04175222450377
125,"Langton, Enrico",1304055987.0,1.0,1.0,1.0,1.0,5.0,3.0,0.0,17.0,0.0,19.0,Production Technician I,MA,2048.0,1986-12-09,M ,Married,US Citizen,No,White,2012-07-09,,N/A - still employed,Active,Production       ,David Stanley,14.0,Newspager/Magazine,Fully Meets,5.0,5.0,0.0,2/4/2019,0.0,32.799452429842574
126,"Maurice, Shana",1401064327.0,1.0,1.0,0.0,1.0,5.0,3.0,0.0,20.0,0.0,19.0,Production Technician I,MA,2330.0,1977-11-22,F,Married,US Citizen,No,White,2011-05-31,,N/A - still employed,Active,Production       ,David Stanley,14.0,Other,Fully Meets,5.0,4.0,0.0,1/10/2019,0.0,41.84531143052703
127,"Nguyen, Lei-Ming",1203032357.0,0.0,0.0,0.0,1.0,5.0,3.0,0.0,19.0,0.0,19.0,Production Technician I,MA,2132.0,1984-07-07,F,Single,US Citizen,No,White,2013-07-08,,N/A - still employed,Active,Production       ,David Stanley,14.0,Vendor Referral,Fully Meets,2.79,5.0,0.0,1/2/2019,0.0,35.22245037645448
128,"Pitt, Brad ",1001735072.0,0.0,0.0,1.0,1.0,5.0,3.0,0.0,17.0,0.0,19.0,Production Technician I,MA,2451.0,1981-11-23,M ,Single,US Citizen,No,Black or African American,2007-11-05,,N/A - still employed,Active,Production       ,David Stanley,14.0,Search Engine - Google Bing Yahoo,Fully Meets,3.66,3.0,0.0,2/25/2019,0.0,37.842573579739906
129,"Rose, Ashley  ",710007555.0,0.0,3.0,0.0,1.0,5.0,3.0,0.0,17.0,0.0,19.0,Production Technician I,MA,1886.0,1974-12-05,F,Separated,US Citizen,No,White,2014-01-06,,N/A - still employed,Active,Production       ,David Stanley,14.0,Website Banner Ads,Fully Meets,5.0,4.0,0.0,1/31/2019,0.0,44.8104038329911
130,"Squatrito, Kristen",1405067138.0,0.0,2.0,0.0,5.0,5.0,4.0,0.0,21.0,1.0,19.0,Production Technician I,MA,2359.0,1973-03-26,F,Divorced,US Citizen,No,White,2013-05-13,2015-06-29,unhappy,Voluntarily Terminated,Production       ,David Stanley,14.0,MBTA ads,Exceeds,1.97,4.0,0.0,,,46.50513347022587
131,"Trang, Mei",1012023152.0,0.0,0.0,0.0,1.0,5.0,2.0,0.0,22.0,0.0,19.0,Production Technician I,MA,2021.0,1983-05-16,F,Single,US Citizen,No,White,2014-02-17,,N/A - still employed,Active,Production       ,David Stanley,14.0,Professional Society,Needs Improvement,2.44,5.0,0.0,2/11/2019,0.0,36.3668720054757
132,"Zima, Colleen",1211051232.0,0.0,4.0,0.0,1.0,5.0,3.0,0.0,15.0,0.0,19.0,Production Technician I,MA,1730.0,1978-08-17,F,Widowed,US Citizen,No,Asian,2014-09-29,,N/A - still employed,Active,Production       ,David Stanley,14.0,On-campus Recruiting,Fully Meets,1.24,5.0,0.0,1/30/2019,0.0,41.111567419575636
133,"Alagbe,Trina",1011022883.0,1.0,1.0,0.0,1.0,5.0,3.0,0.0,21.0,0.0,19.0,Production Technician I,MA,1886.0,1988-09-27,F,Married,US Citizen,No,White,2008-01-07,,N/A - still employed,Active,Production       ,Elijiah Gray,16.0,Billboard,Fully Meets,4.84,5.0,0.0,1/3/2019,0.0,30.99794661190965
134,"Beatrice, Courtney ",1403066194.0,0.0,0.0,0.0,1.0,5.0,3.0,0.0,22.0,0.0,19.0,Production Technician I,MA,1915.0,1970-10-27,F,Single,Eligible NonCitizen,No,White,2011-04-04,,N/A - still employed,Active,Production       ,Elijiah Gray,16.0,Search Engine - Google Bing Yahoo,Fully Meets,5.0,5.0,0.0,1/14/2019,0.0,48.917180013689254
135,"Chan, Lin",1305057282.0,0.0,0.0,0.0,1.0,5.0,3.0,0.0,19.5,0.0,19.0,Production Technician I,MA,2170.0,1979-02-12,F,Single,US Citizen,No,White,2014-05-12,,N/A - still employed,Active,Production       ,Elijiah Gray,16.0,Internet Search,Fully Meets,2.73,4.0,0.0,2/19/2019,0.0,40.62149212867899
136,"Darson, Jene'ya ",1001109612.0,1.0,1.0,0.0,1.0,5.0,3.0,0.0,15.0,0.0,19.0,Production Technician I,MA,2110.0,1978-11-05,F,Married,US Citizen,No,White,2012-07-02,,N/A - still employed,Active,Production       ,Elijiah Gray,16.0,Billboard,Fully Meets,5.0,3.0,0.0,2/25/2019,0.0,40.89253935660506
137,"Evensen, April",1107027392.0,0.0,0.0,0.0,4.0,5.0,2.0,0.0,18.0,1.0,19.0,Production Technician I,MA,2458.0,1989-05-06,F,Single,US Citizen,No,White,2014-02-17,2014-02-25,"no-call, no-show",Terminated for Cause,Production       ,Elijiah Gray,16.0,Word of Mouth,Needs Improvement,1.04,3.0,0.0,,,30.392881587953458
138,"Gerke, Melisa",1308060622.0,0.0,2.0,0.0,5.0,5.0,3.0,1.0,22.0,1.0,19.0,Production Technician I,MA,2330.0,1970-05-15,F,Divorced,US Citizen,No,White,2011-11-07,2011-11-15,hours,Voluntarily Terminated,Production       ,Elijiah Gray,16.0,Diversity Job Fair,Fully Meets,4.24,4.0,0.0,,,49.36892539356605
139,"Harrell, Ludwick",1406068241.0,1.0,1.0,1.0,1.0,5.0,3.0,0.0,21.0,0.0,19.0,Production Technician I,MA,1776.0,1982-09-02,M ,Married,US Citizen,No,Asian,2012-05-14,,N/A - still employed,Active,Production       ,Elijiah Gray,16.0,Search Engine - Google Bing Yahoo,Fully Meets,1.83,3.0,0.0,2/22/2019,0.0,37.06776180698152
140,"Jung, Judy  ",1107027450.0,1.0,1.0,0.0,5.0,5.0,3.0,0.0,21.0,1.0,19.0,Production Technician I,MA,2446.0,1986-04-17,F,Married,US Citizen,No,White,2011-01-10,2016-04-01,unhappy,Voluntarily Terminated,Production       ,Elijiah Gray,16.0,Monster.com,Fully Meets,4.0,4.0,0.0,,,33.445585215605746
141,"Lydon, Allison",1101023353.0,1.0,1.0,0.0,3.0,5.0,3.0,0.0,20.0,0.0,19.0,Production Technician I,MA,2122.0,1975-10-22,F,Married,US Citizen,No,Black or African American,2015-02-16,,N/A - still employed,Leave of Absence,Production       ,Elijiah Gray,16.0,Website Banner Ads,Fully Meets,5.0,3.0,0.0,1/23/2019,0.0,43.931553730321696
142,"Motlagh,  Dawn",1102024121.0,0.0,2.0,0.0,1.0,5.0,3.0,0.0,15.0,0.0,19.0,Production Technician I,MA,2453.0,1984-07-07,F,Divorced,US Citizen,No,White,2013-04-01,,N/A - still employed,Active,Production       ,Elijiah Gray,16.0,MBTA ads,Fully Meets,1.76,4.0,0.0,1/17/2019,0.0,35.22245037645448
143,"Panjwani, Nina",1109029531.0,1.0,1.0,0.0,5.0,5.0,3.0,0.0,18.0,1.0,19.0,Production Technician I,MA,2351.0,1979-05-01,F,Married,US Citizen,No,White,2011-02-07,2014-01-12,Another position,Voluntarily Terminated,Production       ,Elijiah Gray,16.0,Social Networks - Facebook Twitter etc,Fully Meets,3.89,4.0,0.0,,,40.407939767282684
144,"Rhoads, Thomas",1211050793.0,0.0,2.0,1.0,5.0,5.0,3.0,0.0,20.0,1.0,19.0,Production Technician I,MA,2176.0,1982-07-22,M ,Divorced,US Citizen,Yes,White,2011-05-16,2016-01-15,retiring,Voluntarily Terminated,Production       ,Elijiah Gray,16.0,Professional Society,Fully Meets,5.0,4.0,0.0,,,37.18275154004107
145,"Sander, Kamrin",1302053362.0,1.0,1.0,0.0,1.0,5.0,3.0,0.0,21.0,0.0,19.0,Production Technician I,MA,2154.0,1988-07-10,F,Married,US Citizen,No,Black or African American,2014-09-29,,N/A - still employed,Active,Production       ,Elijiah Gray,16.0,On-campus Recruiting,Fully Meets,3.51,3.0,0.0,2/18/2019,0.0,31.21423682409309
146,"Sutwell, Barbara",1407069061.0,0.0,0.0,0.0,1.0,5.0,3.0,0.0,14.0,0.0,19.0,Production Technician I,MA,2718.0,1968-08-15,F,Single,Eligible NonCitizen,No,Asian,2012-05-14,,N/A - still employed,Active,Production       ,Elijiah Gray,16.0,Glassdoor,Fully Meets,2.77,5.0,0.0,1/31/2019,0.0,51.115674195756334
147,"Wallace, Theresa",1101023619.0,0.0,0.0,0.0,5.0,5.0,2.0,0.0,15.0,1.0,19.0,Production Technician I,MA,1887.0,1980-08-02,F,Single,US Citizen,No,White,2012-08-13,2015-09-01,career change,Voluntarily Terminated,Production       ,Elijiah Gray,16.0,Monster.com,Needs Improvement,1.27,3.0,0.0,,,39.15126625598905
148,"Barone, Francesco  A",1101023679.0,0.0,0.0,1.0,1.0,5.0,3.0,0.0,16.76,0.0,19.0,Production Technician I,MA,1810.0,1983-07-20,M ,Single,US Citizen,No,Two or more races,2012-02-20,,N/A - still employed,Active,Production       ,Kelley Spirea,18.0,Social Networks - Facebook Twitter etc,Fully Meets,1.41,4.0,0.0,2/14/2019,0.0,36.18891170431211
149,"Carey, Michael  ",1311063114.0,0.0,0.0,1.0,1.0,5.0,3.0,0.0,20.0,0.0,19.0,Production Technician I,MA,1701.0,1983-02-02,M ,Single,US Citizen,No,Black or African American,2014-03-31,,N/A - still employed,Active,Production       ,Kelley Spirea,18.0,MBTA ads,Fully Meets,4.43,3.0,0.0,2/1/2019,0.0,36.648870636550306
150,"Cornett, Lisa ",1403066069.0,1.0,1.0,0.0,1.0,5.0,3.0,0.0,15.75,0.0,19.0,Production Technician I,MA,2189.0,1977-03-31,F,Married,US Citizen,Yes,White,2015-01-05,,N/A - still employed,Active,Production       ,Kelley Spirea,18.0,Billboard,Fully Meets,4.73,5.0,0.0,2/14/2019,0.0,42.49144421629021
151,"Engdahl, Jean",1007020403.0,0.0,0.0,1.0,1.0,5.0,3.0,0.0,21.25,0.0,19.0,Production Technician I,MA,2026.0,1974-05-31,M ,Single,US Citizen,No,White,2014-11-10,,N/A - still employed,Active,Production       ,Kelley Spirea,18.0,MBTA ads,Fully Meets,1.86,5.0,0.0,2/13/2019,0.0,45.32511978097194
152,"England, Rex",1101023612.0,1.0,1.0,1.0,1.0,5.0,3.0,0.0,21.0,0.0,19.0,Production Technician I,MA,2045.0,1978-08-25,M ,Married,US Citizen,No,White,2014-03-31,,N/A - still employed,Active,Production       ,Kelley Spirea,18.0,Employee Referral,Fully Meets,2.05,3.0,0.0,1/11/2019,0.0,41.08966461327858
153,"Gaul, Barbara",1105026041.0,0.0,0.0,0.0,1.0,5.0,3.0,0.0,24.0,0.0,19.0,Production Technician I,MA,2121.0,1983-12-02,F,Single,US Citizen,Yes,Black or African American,2011-05-16,,N/A - still employed,Active,Production       ,Kelley Spirea,18.0,MBTA ads,Fully Meets,1.66,4.0,0.0,2/26/2019,0.0,35.81930184804928
154,"Gross, Paula",1103024859.0,0.0,2.0,0.0,5.0,5.0,3.0,0.0,14.0,1.0,19.0,Production Technician I,MA,2176.0,1983-05-21,F,Divorced,US Citizen,No,White,2011-02-21,2014-01-11,more money,Voluntarily Terminated,Production       ,Kelley Spirea,18.0,Monster.com,Fully Meets,5.0,5.0,0.0,,,36.35318275154004
155,"Jhaveri, Sneha  ",1412071713.0,0.0,3.0,0.0,1.0,5.0,3.0,0.0,19.0,0.0,19.0,Production Technician I,MA,2109.0,1964-04-13,F,Separated,US Citizen,No,White,2014-01-06,,N/A - still employed,Active,Production       ,Kelley Spirea,18.0,On-campus Recruiting,Fully Meets,5.0,5.0,0.0,1/21/2019,0.0,55.455167693360714
156,"LeBel, Jonathan  R",1107027575.0,0.0,0.0,1.0,4.0,5.0,3.0,0.0,15.0,1.0,19.0,Production Technician I,MA,2050.0,1981-10-18,M ,Single,US Citizen,No,White,2011-02-21,2011-08-04,attendance,Terminated for Cause,Production       ,Kelley Spirea,18.0,Social Networks - Facebook Twitter etc,Fully Meets,5.0,4.0,0.0,,,37.94113620807666
157,"Meads, Elizabeth",1409070245.0,0.0,0.0,0.0,5.0,5.0,3.0,1.0,14.0,1.0,19.0,Production Technician I,MA,1760.0,1968-05-30,F,Single,US Citizen,No,Black or African American,2012-04-02,2015-11-11,Another position,Voluntarily Terminated,Production       ,Kelley Spirea,18.0,Diversity Job Fair,Fully Meets,4.18,4.0,0.0,,,51.3264887063655
158,"Osturnka, Adeel",1404066949.0,1.0,1.0,1.0,1.0,5.0,4.0,0.0,16.0,0.0,19.0,Production Technician I,MA,2478.0,1976-12-11,M ,Married,US Citizen,No,White,2013-09-30,,N/A - still employed,Active,Production       ,Kelley Spirea,18.0,On-campus Recruiting,Exceeds,2.86,3.0,0.0,2/7/2019,0.0,42.79260780287474
159,"Punjabhi, Louis  ",1401064562.0,0.0,0.0,1.0,1.0,5.0,3.0,0.0,16.0,0.0,19.0,Production Technician I,MA,2109.0,1961-06-19,M ,Single,US Citizen,No,White,2014-01-06,,N/A - still employed,Active,Production       ,Kelley Spirea,18.0,Employee Referral,Fully Meets,2.45,3.0,0.0,1/7/2019,0.0,58.27241615331965
160,"Saar-Beckles, Melinda",1410070998.0,0.0,0.0,0.0,2.0,5.0,2.0,1.0,20.0,0.0,19.0,Production Technician I,MA,1801.0,1968-06-06,F,Single,US Citizen,No,Black or African American,2016-07-04,,N/A - Has not started yet,Future Start,Production       ,Kelley Spirea,18.0,Diversity Job Fair,Needs Improvement,1.12,4.0,0.0,2/18/2019,0.0,51.30732375085558
161,"Stoica, Rick",1106026896.0,1.0,1.0,1.0,1.0,5.0,3.0,0.0,22.0,0.0,19.0,Production Technician I,MA,2301.0,1985-03-14,M ,Married,US Citizen,No,Asian,2014-02-17,,N/A - still employed,Active,Production       ,Kelley Spirea,18.0,On-campus Recruiting,Fully Meets,1.39,3.0,0.0,1/11/2019,0.0,34.53798767967146
162,"Volk, Colleen",1011022814.0,1.0,1.0,0.0,4.0,5.0,4.0,0.0,21.0,1.0,19.0,Production Technician I,MA,2747.0,1986-06-03,F,Married,US Citizen,No,White,2011-09-26,2016-02-08,gross misconduct,Terminated for Cause,Production       ,Kelley Spirea,18.0,Social Networks - Facebook Twitter etc,Exceeds,2.79,5.0,0.0,,,33.31690622861054
163,"Athwal, Sam",1301052124.0,0.0,4.0,1.0,1.0,5.0,3.0,0.0,22.0,0.0,19.0,Production Technician I,MA,2199.0,1983-02-18,M ,Widowed,US Citizen,No,White,2013-09-30,,N/A - still employed,Active,Production       ,Ketsia Liebig,19.0,Employee Referral,Fully Meets,5.0,4.0,0.0,2/25/2019,0.0,36.60506502395619
164,"Biden, Lowan  M",1412071844.0,0.0,2.0,0.0,1.0,5.0,3.0,0.0,22.0,0.0,19.0,Production Technician I,MA,2027.0,1958-12-27,F,Divorced,US Citizen,No,Asian,2013-08-19,,N/A - still employed,Active,Production       ,Ketsia Liebig,19.0,Billboard,Fully Meets,2.39,3.0,0.0,1/10/2019,0.0,60.7501711156742
165,"Cierpiszewski, Caroline  ",1012023295.0,0.0,0.0,0.0,1.0,5.0,3.0,0.0,22.0,0.0,19.0,Production Technician I,MA,2044.0,1988-05-31,F,Single,Non-Citizen,No,Black or African American,2011-10-03,,N/A - still employed,Active,Production       ,Ketsia Liebig,19.0,Pay Per Click - Google,Fully Meets,3.58,5.0,0.0,1/30/2019,0.0,31.32375085557837
166,"Dickinson, Geoff ",706006285.0,0.0,0.0,1.0,1.0,5.0,3.0,0.0,21.0,0.0,19.0,Production Technician I,MA,2180.0,1982-11-15,M ,Single,US Citizen,No,White,2014-05-12,,N/A - still employed,Active,Production       ,Ketsia Liebig,19.0,Pay Per Click - Google,Fully Meets,1.13,4.0,0.0,2/19/2019,0.0,36.865160848733744
167,"Ferreira, Violeta",803009012.0,0.0,0.0,0.0,1.0,5.0,3.0,0.0,23.0,0.0,19.0,Production Technician I,MA,2176.0,1986-06-10,F,Single,US Citizen,No,White,2012-02-20,,N/A - still employed,Active,Production       ,Ketsia Liebig,19.0,Newspager/Magazine,Fully Meets,1.85,4.0,0.0,1/7/2019,0.0,33.29774127310061
168,"Gold, Shenice  ",1408069539.0,0.0,0.0,0.0,1.0,5.0,3.0,0.0,17.0,0.0,19.0,Production Technician I,MA,2451.0,1992-06-18,F,Single,US Citizen,Yes,White,2013-11-11,,N/A - still employed,Active,Production       ,Ketsia Liebig,19.0,Glassdoor,Fully Meets,1.94,5.0,0.0,2/18/2019,0.0,27.274469541409992
169,"Heitzman, Anthony",1002017900.0,0.0,0.0,1.0,1.0,5.0,3.0,0.0,19.0,0.0,19.0,Production Technician I,MA,2149.0,1984-01-04,M ,Single,US Citizen,No,White,2012-08-13,,N/A - still employed,Active,Production       ,Ketsia Liebig,19.0,Social Networks - Facebook Twitter etc,Fully Meets,4.17,4.0,0.0,2/11/2019,0.0,35.728952772073924
170,"Knapp, Bradley  J",1304055683.0,0.0,0.0,1.0,1.0,5.0,3.0,0.0,14.0,0.0,19.0,Production Technician I,MA,1721.0,1977-11-10,M ,Single,US Citizen,No,Black or African American,2014-02-17,,N/A - still employed,Active,Production       ,Ketsia Liebig,19.0,On-campus Recruiting,Fully Meets,2.79,3.0,0.0,2/6/2019,0.0,41.87816563997262
171,"Mahoney, Lauren  ",1209049259.0,0.0,0.0,0.0,1.0,5.0,3.0,0.0,17.0,0.0,19.0,Production Technician I,MA,2189.0,1986-07-07,F,Single,US Citizen,No,White,2014-01-06,,N/A - still employed,Active,Production       ,Ketsia Liebig,19.0,Newspager/Magazine,Fully Meets,2.55,4.0,0.0,2/26/2019,0.0,33.223819301848046
172,"Newman, Richard ",1302053044.0,1.0,1.0,1.0,3.0,5.0,3.0,0.0,21.0,0.0,19.0,Production Technician I,MA,2136.0,1977-04-08,M ,Married,US Citizen,No,White,2014-05-12,,N/A - still employed,Leave of Absence,Production       ,Ketsia Liebig,19.0,On-campus Recruiting,Fully Meets,5.0,5.0,0.0,2/18/2019,0.0,42.469541409993155
173,"Peterson, Kayla ",1307059944.0,1.0,1.0,0.0,1.0,5.0,3.0,0.0,17.0,0.0,19.0,Production Technician I,MA,1749.0,1973-09-23,F,Married,US Citizen,No,White,2010-04-26,,N/A - still employed,Active,Production       ,Ketsia Liebig,19.0,Search Engine - Google Bing Yahoo,Fully Meets,2.72,3.0,0.0,1/21/2019,0.0,46.00958247775496
174,"Robinson, Cherly",1403065625.0,1.0,1.0,0.0,4.0,5.0,2.0,0.0,16.0,1.0,19.0,Production Technician I,MA,1460.0,1985-01-07,F,Married,US Citizen,No,White,2011-01-10,2016-05-17,attendance,Terminated for Cause,Production       ,Ketsia Liebig,19.0,Glassdoor,Needs Improvement,3.6,3.0,0.0,,,34.718685831622174
175,"Smith, Sade",1501071909.0,0.0,0.0,0.0,1.0,5.0,3.0,0.0,24.5,0.0,19.0,Production Technician I,MA,2130.0,1965-02-02,F,Single,US Citizen,No,White,2013-11-11,,N/A - still employed,Active,Production       ,Ketsia Liebig,19.0,Employee Referral,Fully Meets,3.73,3.0,0.0,1/24/2019,0.0,54.64750171115674
176,"Tinto, Theresa  ",1103024504.0,0.0,2.0,0.0,5.0,5.0,3.0,0.0,20.0,1.0,19.0,Production Technician I,MA,1876.0,1983-07-30,F,Divorced,US Citizen,No,White,2011-01-10,2011-05-14,Another position,Voluntarily Terminated,Production       ,Ketsia Liebig,19.0,Social Networks - Facebook Twitter etc,Fully Meets,2.81,5.0,0.0,,,36.16153319644079
177,"Williams, Jacquelyn  ",1308060671.0,0.0,0.0,0.0,5.0,5.0,3.0,1.0,16.0,1.0,19.0,Production Technician I,MA,2109.0,1969-10-02,F,Single,US Citizen,Yes,Two or more races,2012-01-09,2015-06-27,relocation out of area,Voluntarily Terminated,Production       ,Ketsia Liebig,19.0,Diversity Job Fair,Fully Meets,1.44,4.0,0.0,,,49.98494182067078
178,"Barbara, Thomas",1312063507.0,1.0,1.0,1.0,5.0,5.0,3.0,1.0,22.0,1.0,19.0,Production Technician I,MA,2062.0,1974-02-21,M ,Married,US Citizen,Yes,Asian,2012-04-02,2012-09-19,unhappy,Voluntarily Terminated,Production       ,Kissy Sullivan,20.0,Diversity Job Fair,Fully Meets,1.98,3.0,0.0,,,45.596167008898014
179,"Bugali, Josephine ",1408069635.0,0.0,3.0,0.0,3.0,5.0,3.0,1.0,20.0,0.0,19.0,Production Technician I,MA,2043.0,1969-10-30,F,Separated,US Citizen,No,Black or African American,2013-11-11,,N/A - still employed,Leave of Absence,Production       ,Kissy Sullivan,20.0,Diversity Job Fair,Fully Meets,2.83,5.0,0.0,1/21/2019,0.0,49.908281998631075
180,"Cole, Spencer",1001450968.0,0.0,0.0,1.0,4.0,5.0,2.0,0.0,15.0,1.0,19.0,Production Technician I,MA,1880.0,1979-08-12,M ,Single,US Citizen,No,Black or African American,2011-07-11,2012-09-23,performance,Terminated for Cause,Production       ,Kissy Sullivan,20.0,MBTA ads,Needs Improvement,1.42,3.0,0.0,,,40.12594113620808
181,"Eaton, Marianne",1406067865.0,1.0,1.0,0.0,5.0,5.0,3.0,0.0,17.0,1.0,19.0,Production Technician I,MA,2343.0,1991-09-05,F,Married,US Citizen,No,White,2011-04-04,2013-06-06,military,Voluntarily Terminated,Production       ,Kissy Sullivan,20.0,Search Engine - Google Bing Yahoo,Fully Meets,5.0,3.0,0.0,,,28.060232717316907
182,"Garneau, Hamish",1104025414.0,0.0,0.0,1.0,1.0,5.0,3.0,0.0,18.0,0.0,19.0,Production Technician I,MA,1550.0,1980-04-18,M ,Single,US Citizen,No,Asian,2013-07-08,,N/A - still employed,Active,Production       ,Kissy Sullivan,20.0,Professional Society,Fully Meets,2.61,4.0,0.0,1/22/2019,0.0,39.441478439425055
183,"Goyal, Roxana",1312063675.0,1.0,1.0,0.0,3.0,5.0,3.0,0.0,24.0,0.0,19.0,Production Technician I,MA,1864.0,1974-10-09,F,Married,US Citizen,No,Asian,2013-08-19,,N/A - still employed,Leave of Absence,Production       ,Kissy Sullivan,20.0,On-campus Recruiting,Fully Meets,1.71,5.0,0.0,2/15/2019,0.0,44.96646132785763
184,"Jacobi, Hannah  ",1503072857.0,0.0,2.0,0.0,1.0,5.0,3.0,0.0,21.0,0.0,19.0,Production Technician I,MA,1778.0,1966-03-22,F,Divorced,US Citizen,No,White,2013-09-30,,N/A - still employed,Active,Production       ,Kissy Sullivan,20.0,Employee Referral,Fully Meets,2.05,5.0,0.0,2/22/2019,0.0,53.516769336071185
185,"Leach, Dallas",1408069409.0,0.0,0.0,0.0,5.0,5.0,3.0,0.0,19.0,1.0,19.0,Production Technician I,MA,1810.0,1979-01-17,F,Single,US Citizen,No,Asian,2011-09-26,2013-08-19,return to school,Voluntarily Terminated,Production       ,Kissy Sullivan,20.0,Monster.com,Fully Meets,4.88,3.0,0.0,,,40.69267624914442
186,"Mckenna, Sandy",909015167.0,1.0,1.0,0.0,1.0,5.0,3.0,0.0,24.0,0.0,19.0,Production Technician I,MA,2184.0,1987-01-07,F,Married,US Citizen,No,Black or African American,2013-01-07,,N/A - still employed,Active,Production       ,Kissy Sullivan,20.0,Monster.com,Fully Meets,3.93,3.0,0.0,1/30/2019,0.0,32.720054757015745
187,"O'hare, Lynn",1206044851.0,0.0,0.0,0.0,4.0,5.0,1.0,0.0,18.5,1.0,19.0,Production Technician I,MA,2152.0,1980-09-30,F,Single,US Citizen,No,Two or more races,2014-03-31,2016-05-01,performance,Terminated for Cause,Production       ,Kissy Sullivan,20.0,Professional Society,PIP,3.09,2.0,0.0,,,38.98973305954826
188,"Power, Morissa",1102024274.0,0.0,2.0,0.0,5.0,5.0,3.0,0.0,19.0,1.0,19.0,Production Technician I,MA,1742.0,1984-10-15,F,Divorced,Eligible NonCitizen,No,Asian,2011-05-16,2011-06-04,Another position,Voluntarily Terminated,Production       ,Kissy Sullivan,20.0,Social Networks - Facebook Twitter etc,Fully Meets,3.17,4.0,0.0,,,34.94866529774127
189,"Purinton, Janine",1011022926.0,0.0,2.0,0.0,5.0,5.0,3.0,0.0,16.0,1.0,19.0,Production Technician I,MA,2474.0,1970-09-22,F,Divorced,US Citizen,No,White,2012-09-24,2013-06-18,unhappy,Voluntarily Terminated,Production       ,Kissy Sullivan,20.0,Billboard,Fully Meets,1.5,5.0,0.0,,,49.01300479123888
190,"Rossetti, Bruno",1405067492.0,0.0,0.0,1.0,5.0,5.0,3.0,0.0,18.0,1.0,19.0,Production Technician I,MA,2155.0,1987-03-18,M ,Single,US Citizen,No,White,2011-04-04,2012-08-13,Another position,Voluntarily Terminated,Production       ,Kissy Sullivan,20.0,Search Engine - Google Bing Yahoo,Fully Meets,5.0,5.0,0.0,,,32.5284052019165
191,"Stanford,Barbara  M",1111030244.0,0.0,2.0,0.0,1.0,5.0,3.0,0.0,14.0,0.0,19.0,Production Technician I,MA,2050.0,1982-08-25,F,Divorced,US Citizen,No,Two or more races,2011-01-10,,N/A - still employed,Active,Production       ,Kissy Sullivan,20.0,Word of Mouth,Fully Meets,1.05,4.0,0.0,2/7/2019,0.0,37.08966461327858
192,"Veera, Abdellah ",1203032235.0,0.0,2.0,1.0,5.0,5.0,4.0,0.0,19.0,1.0,19.0,Production Technician I,MA,2171.0,1987-01-31,M ,Divorced,US Citizen,No,White,2012-08-13,2016-02-05,maternity leave - did not return,Voluntarily Terminated,Production       ,Kissy Sullivan,20.0,Information Session,Exceeds,3.84,5.0,0.0,,,32.65434633812457
193,"Adinolfi, Wilson  K",1409070522.0,0.0,0.0,1.0,1.0,5.0,4.0,0.0,20.0,0.0,19.0,Production Technician I,MA,1960.0,1983-07-10,M ,Single,US Citizen,No,White,2011-07-05,,N/A - still employed,Active,Production       ,Michael Albert,22.0,MBTA ads,Exceeds,2.51,5.0,0.0,1/17/2019,0.0,36.21629021218344
194,"Barton, Nader",1212051962.0,0.0,2.0,1.0,5.0,5.0,3.0,0.0,18.0,1.0,19.0,Production Technician I,MA,2747.0,1977-07-15,M ,Divorced,US Citizen,No,White,2012-09-24,2013-04-06,Another position,Voluntarily Terminated,Production       ,Michael Albert,22.0,On-line Web application,Fully Meets,5.0,5.0,0.0,,,42.20123203285421
195,"Chace, Beatrice ",1208048062.0,0.0,0.0,0.0,1.0,5.0,3.0,0.0,16.0,0.0,19.0,Production Technician I,MA,2763.0,1951-01-02,F,Single,US Citizen,No,White,2014-09-29,,N/A - still employed,Active,Production       ,Michael Albert,22.0,Search Engine - Google Bing Yahoo,Fully Meets,5.0,4.0,0.0,2/12/2019,0.0,68.7337440109514
196,"Crimmings,   Jean",1311063172.0,0.0,0.0,0.0,2.0,5.0,3.0,0.0,19.75,0.0,19.0,Production Technician I,MA,1821.0,1987-04-10,F,Single,US Citizen,No,White,2016-07-06,,N/A - Has not started yet,Future Start,Production       ,Michael Albert,22.0,Newspager/Magazine,Fully Meets,4.12,5.0,0.0,1/28/2019,0.0,32.46543463381246
197,"Estremera, Miguel",1104025243.0,0.0,0.0,1.0,4.0,5.0,2.0,0.0,17.0,1.0,19.0,Production Technician I,MA,2129.0,1983-09-02,M ,Single,US Citizen,No,White,2012-04-02,2014-09-27,attendance,Terminated for Cause,Production       ,Michael Albert,22.0,Word of Mouth,Needs Improvement,5.0,4.0,0.0,,,36.068446269678304
198,"Gentry, Mildred",1501072192.0,1.0,1.0,0.0,1.0,5.0,3.0,0.0,19.0,0.0,19.0,Production Technician I,MA,2145.0,1990-10-01,F,Married,US Citizen,No,Black or African American,2015-03-30,,N/A - still employed,Active,Production       ,Michael Albert,22.0,Professional Society,Fully Meets,3.73,3.0,0.0,1/16/2019,0.0,28.98836413415469
199,"Handschiegl, Joanne",1405067064.0,1.0,1.0,0.0,1.0,5.0,3.0,0.0,24.0,0.0,19.0,Production Technician I,MA,2127.0,1977-03-23,F,Married,US Citizen,No,White,2011-11-28,,N/A - still employed,Active,Production       ,Michael Albert,22.0,Word of Mouth,Fully Meets,4.2,4.0,0.0,2/22/2019,0.0,42.51334702258727
200,"Johnson, George",1105025721.0,1.0,1.0,1.0,5.0,5.0,4.0,0.0,17.0,1.0,19.0,Production Technician I,MA,2445.0,1959-08-19,M ,Married,US Citizen,No,White,2011-11-07,2016-04-29,more money,Voluntarily Terminated,Production       ,Michael Albert,22.0,Monster.com,Exceeds,1.65,4.0,0.0,,,60.106776180698155
201,"Keatts, Kramer ",1301052462.0,0.0,0.0,1.0,1.0,5.0,3.0,0.0,19.0,0.0,19.0,Production Technician I,MA,1887.0,1976-01-19,M ,Single,US Citizen,No,White,2013-09-30,,N/A - still employed,Active,Production       ,Michael Albert,22.0,Billboard,Fully Meets,3.07,4.0,0.0,1/23/2019,0.0,43.68788501026694
202,"Linares, Marilyn ",1206042315.0,1.0,1.0,0.0,5.0,5.0,3.0,0.0,15.25,1.0,19.0,Production Technician I,MA,1886.0,1981-03-26,F,Married,US Citizen,No,White,2011-07-05,2011-09-26,unhappy,Voluntarily Terminated,Production       ,Michael Albert,22.0,Internet Search,Fully Meets,3.18,4.0,0.0,,,38.50513347022587
203,"Medeiros, Jennifer",1109029256.0,0.0,0.0,0.0,1.0,5.0,3.0,0.0,20.0,0.0,19.0,Production Technician I,MA,2346.0,1976-09-22,F,Single,US Citizen,No,White,2015-03-30,,N/A - still employed,Active,Production       ,Michael Albert,22.0,Monster.com,Fully Meets,5.0,4.0,0.0,1/21/2019,0.0,43.011635865845314
204,"Owad, Clinton",1103024335.0,0.0,0.0,1.0,1.0,5.0,2.0,0.0,22.0,0.0,19.0,Production Technician I,MA,1760.0,1979-11-24,M ,Single,US Citizen,No,Black or African American,2014-02-17,,N/A - still employed,Active,Production       ,Michael Albert,22.0,MBTA ads,Needs Improvement,4.25,3.0,0.0,2/4/2019,0.0,39.841204654346335
205,"Rarrick, Quinn",1208048229.0,0.0,2.0,1.0,5.0,5.0,3.0,0.0,21.0,1.0,19.0,Production Technician I,MA,2478.0,1984-12-31,M ,Divorced,US Citizen,No,White,2011-09-26,2012-04-07,more money,Voluntarily Terminated,Production       ,Michael Albert,22.0,Pay Per Click - Google,Fully Meets,3.8,5.0,0.0,,,34.7378507871321
206,"Sadki, Nore  ",1308060535.0,0.0,0.0,1.0,5.0,5.0,3.0,0.0,21.0,1.0,19.0,Production Technician I,MA,2148.0,1974-12-21,M ,Single,US Citizen,No,White,2009-01-05,2010-07-30,relocation out of area,Voluntarily Terminated,Production       ,Michael Albert,22.0,Word of Mouth,Fully Meets,1.53,5.0,0.0,,,44.766598220396986
207,"Sullivan, Timothy",1201031310.0,1.0,1.0,1.0,1.0,5.0,3.0,0.0,19.0,0.0,19.0,Production Technician I,MA,2747.0,1982-10-07,M ,Married,US Citizen,Yes,White,2015-01-05,,N/A - still employed,Active,Production       ,Michael Albert,22.0,Word of Mouth,Fully Meets,4.36,5.0,0.0,1/24/2019,0.0,36.9719370294319
208,"Von Massenbach, Anna",1106026474.0,0.0,0.0,0.0,2.0,5.0,3.0,0.0,20.0,0.0,19.0,Production Technician I,MA,2124.0,1985-04-06,F,Single,US Citizen,No,White,2015-07-05,,N/A - Has not started yet,Future Start,Production       ,Michael Albert,22.0,Newspager/Magazine,Fully Meets,3.21,3.0,0.0,1/29/2019,0.0,34.47501711156742
209,"Anderson, Carol ",1001417624.0,0.0,2.0,0.0,5.0,5.0,3.0,0.0,16.0,1.0,19.0,Production Technician I,MA,2169.0,1989-09-08,F,Divorced,US Citizen,No,White,2011-07-11,2011-09-06,return to school,Voluntarily Terminated,Production       ,Webster Butler,39.0,Word of Mouth,Fully Meets,5.0,4.0,0.0,,,30.050650239561943
210,"Becker, Scott",1110029777.0,0.0,0.0,1.0,3.0,5.0,3.0,0.0,17.0,0.0,19.0,Production Technician I,MA,2452.0,1979-04-06,M ,Single,US Citizen,No,Asian,2013-07-08,,N/A - still employed,Leave of Absence,Production       ,Webster Butler,,MBTA ads,Fully Meets,1.09,4.0,0.0,1/11/2019,0.0,40.47638603696099
211,"Chang, Donovan  E",1111030129.0,0.0,0.0,1.0,1.0,5.0,3.0,0.0,22.0,0.0,19.0,Production Technician I,MA,1845.0,1983-08-24,M ,Single,US Citizen,No,White,2013-07-08,,N/A - still employed,Active,Production       ,Webster Butler,,Newspager/Magazine,Fully Meets,3.8,5.0,0.0,1/14/2019,0.0,36.09308692676249
212,"DeGweck,  James",1306058816.0,1.0,1.0,1.0,5.0,5.0,3.0,0.0,23.5,1.0,19.0,Production Technician I,MA,1810.0,1977-10-31,M ,Married,US Citizen,No,White,2011-05-16,2015-06-08,unhappy,Voluntarily Terminated,Production       ,Webster Butler,39.0,Billboard,Fully Meets,5.0,4.0,0.0,,,41.90554414784394
213,"Ferguson, Susan",1502072511.0,1.0,1.0,0.0,5.0,5.0,3.0,0.0,20.0,1.0,19.0,Production Technician I,MA,2176.0,1955-04-14,F,Married,US Citizen,No,White,2011-11-07,2014-05-17,military,Voluntarily Terminated,Production       ,Webster Butler,39.0,Search Engine - Google Bing Yahoo,Fully Meets,3.13,3.0,0.0,,,64.45448323066393
214,"Gilles, Alex",1008020960.0,1.0,1.0,1.0,5.0,5.0,2.0,1.0,15.0,1.0,19.0,Production Technician I,MA,2062.0,1974-08-09,M ,Married,US Citizen,No,Black or African American,2012-04-02,2015-06-25,military,Voluntarily Terminated,Production       ,Webster Butler,39.0,Diversity Job Fair,Needs Improvement,3.97,4.0,0.0,,,45.13347022587269
215,"Harrington, Christie ",1110029602.0,0.0,0.0,0.0,5.0,5.0,3.0,0.0,19.75,1.0,19.0,Production Technician I,MA,2324.0,1952-08-18,F,Single,US Citizen,No,White,2012-01-09,2015-12-15,retiring,Voluntarily Terminated,Production       ,Webster Butler,39.0,Monster.com,Fully Meets,4.64,4.0,0.0,,,67.10746064339493
216,"Kinsella, Kathleen  ",710007401.0,1.0,1.0,0.0,5.0,5.0,3.0,0.0,22.0,1.0,19.0,Production Technician I,MA,2170.0,1973-12-08,F,Married,US Citizen,No,White,2011-09-26,2015-06-04,more money,Voluntarily Terminated,Production       ,Webster Butler,39.0,Search Engine - Google Bing Yahoo,Fully Meets,3.6,5.0,0.0,,,45.80150581793292
217,"Lynch, Lindsay",1001138521.0,0.0,0.0,0.0,5.0,5.0,4.0,1.0,19.0,1.0,19.0,Production Technician I,MA,1844.0,1973-02-14,F,Single,US Citizen,Yes,Two or more races,2011-11-07,2015-11-14,Another position,Voluntarily Terminated,Production       ,Webster Butler,39.0,Diversity Job Fair,Exceeds,5.0,4.0,0.0,,,46.614647501711154
218,"Ndzi, Colombui",1204033041.0,0.0,0.0,1.0,5.0,5.0,3.0,1.0,18.0,1.0,19.0,Production Technician I,MA,2110.0,1989-05-02,M ,Single,US Citizen,No,Black or African American,2011-09-26,2014-04-04,return to school,Voluntarily Terminated,Production       ,Webster Butler,39.0,Diversity Job Fair,Fully Meets,2.61,3.0,0.0,,,30.403832991101986
219,"Pelech, Emil",1307060058.0,0.0,0.0,1.0,5.0,5.0,2.0,0.0,24.0,1.0,19.0,Production Technician I,MA,2458.0,1988-03-17,M ,Single,US Citizen,No,Black or African American,2011-01-10,2012-12-28,career change,Voluntarily Terminated,Production       ,Webster Butler,39.0,Search Engine - Google Bing Yahoo,Needs Improvement,3.54,5.0,0.0,,,31.529089664613277
220,"Rivera, Haley  ",1405067642.0,1.0,1.0,0.0,1.0,5.0,4.0,0.0,22.0,0.0,19.0,Production Technician I,MA,2171.0,1973-01-12,F,Married,US Citizen,No,Asian,2011-11-28,,N/A - still employed,Active,Production       ,Webster Butler,,Search Engine - Google Bing Yahoo,Exceeds,4.36,5.0,0.0,2/11/2019,0.0,46.704996577686515
221,"Sewkumar, Nori",807010161.0,0.0,0.0,0.0,3.0,5.0,3.0,0.0,15.2,0.0,19.0,Production Technician I,MA,2191.0,1975-03-10,F,Single,US Citizen,No,Asian,2013-09-30,,N/A - still employed,Leave of Absence,Production       ,Webster Butler,,Search Engine - Google Bing Yahoo,Fully Meets,5.0,5.0,0.0,2/21/2019,0.0,44.550308008213555
222,"Tavares, Desiree  ",1405067501.0,1.0,1.0,0.0,5.0,5.0,3.0,1.0,15.0,1.0,19.0,Production Technician I,MA,1801.0,1975-04-03,F,Married,Non-Citizen,No,Two or more races,2009-04-27,2013-04-01,Another position,Voluntarily Terminated,Production       ,Webster Butler,39.0,Diversity Job Fair,Fully Meets,2.52,5.0,0.0,,,44.48459958932238
223,"Whittier, Scott",1307060212.0,0.0,0.0,1.0,5.0,5.0,3.0,0.0,23.0,1.0,19.0,Production Technician I,MA,2030.0,1987-05-24,M ,Single,US Citizen,Yes,White,2011-01-10,2011-05-15,hours,Voluntarily Terminated,Production       ,Webster Butler,39.0,Newspager/Magazine,Fully Meets,5.0,5.0,0.0,,,32.34496919917864
224,"Burke, Joelle",1011022820.0,0.0,0.0,0.0,1.0,5.0,3.0,0.0,25.0,0.0,20.0,Production Technician II,MA,2148.0,1980-03-02,F,Single,US Citizen,No,Black or African American,2012-03-05,,N/A - still employed,Active,Production       ,Amy Dunn,11.0,Employee Referral,Fully Meets,4.51,4.0,0.0,2/21/2019,0.0,39.57015742642026
225,"Fitzpatrick, Michael  J",1109029103.0,0.0,0.0,1.0,5.0,5.0,3.0,0.0,29.0,1.0,20.0,Production Technician II,MA,2143.0,1981-10-01,M ,Single,US Citizen,Yes,White,2011-05-16,2013-06-24,hours,Voluntarily Terminated,Production       ,Amy Dunn,11.0,Social Networks - Facebook Twitter etc,Fully Meets,4.76,5.0,0.0,,,37.987679671457904
226,"Huynh, Ming",1306058509.0,0.0,2.0,0.0,5.0,5.0,3.0,0.0,23.0,1.0,20.0,Production Technician II,MA,1742.0,1976-09-22,F,Divorced,US Citizen,No,White,2011-02-21,2013-04-01,unhappy,Voluntarily Terminated,Production       ,Amy Dunn,11.0,Search Engine - Google Bing Yahoo,Fully Meets,3.72,3.0,0.0,,,43.011635865845314
227,"Mancuso, Karen",1304055986.0,1.0,1.0,0.0,5.0,5.0,3.0,0.0,23.0,1.0,20.0,Production Technician II,MA,2176.0,1986-12-10,F,Married,US Citizen,No,Two or more races,2011-07-05,2011-08-19,Another position,Voluntarily Terminated,Production       ,Amy Dunn,11.0,Newspager/Magazine,Fully Meets,5.0,4.0,0.0,,,32.79671457905544
228,"Pelletier, Ermine",1202031821.0,1.0,1.0,0.0,5.0,5.0,2.0,0.0,28.0,1.0,20.0,Production Technician II,MA,2472.0,1989-07-18,F,Married,US Citizen,No,Asian,2011-07-05,2011-09-15,unhappy,Voluntarily Terminated,Production       ,Amy Dunn,11.0,Monster.com,Needs Improvement,1.03,5.0,0.0,,,30.193018480492814
229,"Trzeciak, Cybil",1107027551.0,0.0,0.0,0.0,5.0,5.0,3.0,0.0,22.0,1.0,20.0,Production Technician II,MA,1778.0,1985-03-15,F,Single,US Citizen,No,White,2011-01-10,2012-07-02,unhappy,Voluntarily Terminated,Production       ,Amy Dunn,11.0,Vendor Referral,Fully Meets,1.3,3.0,0.0,,,34.535249828884325
230,"Cloninger, Jennifer",1012023226.0,1.0,1.0,0.0,5.0,5.0,3.0,0.0,25.0,1.0,20.0,Production Technician II,MA,1752.0,1981-08-31,F,Married,US Citizen,No,White,2011-05-16,2013-01-07,unhappy,Voluntarily Terminated,Production       ,Brannon Miller,12.0,Word of Mouth,Fully Meets,1.16,5.0,0.0,,,38.072553045859
231,"Gonzalez, Juan",1411071324.0,1.0,1.0,1.0,5.0,5.0,1.0,1.0,29.0,1.0,20.0,Production Technician II,MA,2128.0,1964-10-12,M ,Married,US Citizen,No,Black or African American,2010-04-26,2011-05-30,career change,Voluntarily Terminated,Production       ,Brannon Miller,12.0,Diversity Job Fair,PIP,4.35,3.0,0.0,,,54.95687885010267
232,"Johnston, Yen",1306057810.0,0.0,0.0,0.0,1.0,5.0,4.0,0.0,25.0,0.0,20.0,Production Technician II,MA,2128.0,1969-09-08,F,Single,US Citizen,No,White,2014-07-07,,N/A - still employed,Active,Production       ,Brannon Miller,12.0,Professional Society,Exceeds,1.51,3.0,0.0,1/11/2019,0.0,50.050650239561946
233,"Miller, Ned",1205033439.0,0.0,0.0,1.0,5.0,5.0,1.0,0.0,25.0,1.0,20.0,Production Technician II,MA,2472.0,1985-06-29,M ,Single,US Citizen,No,White,2011-08-15,2014-09-04,unhappy,Voluntarily Terminated,Production       ,Brannon Miller,12.0,MBTA ads,PIP,5.0,2.0,0.0,,,34.24503764544832
234,"Petingill, Shana  ",1103024843.0,1.0,1.0,0.0,1.0,5.0,3.0,0.0,26.0,0.0,20.0,Production Technician II,MA,2050.0,1979-03-10,F,Married,Eligible NonCitizen,No,Asian,2012-04-02,,N/A - still employed,Active,Production       ,Brannon Miller,12.0,MBTA ads,Fully Meets,2.61,3.0,0.0,1/14/2019,0.0,40.550308008213555
235,"Winthrop, Jordan  ",1405067188.0,0.0,0.0,1.0,5.0,5.0,4.0,0.0,29.0,1.0,20.0,Production Technician II,MA,2045.0,1958-11-07,M ,Single,US Citizen,No,White,2013-01-07,2016-02-21,retiring,Voluntarily Terminated,Production       ,Brannon Miller,12.0,Professional Society,Exceeds,1.67,3.0,0.0,,,60.8870636550308
236,"Close, Phil",1209048697.0,1.0,1.0,1.0,5.0,5.0,3.0,0.0,26.0,1.0,20.0,Production Technician II,MA,2169.0,1978-11-25,M ,Married,US Citizen,No,White,2010-08-30,2011-09-26,career change,Voluntarily Terminated,Production       ,David Stanley,14.0,Other,Fully Meets,1.3,4.0,0.0,,,40.837782340862425
237,"Good, Susan",1001549006.0,1.0,1.0,0.0,3.0,5.0,3.0,0.0,24.25,0.0,20.0,Production Technician II,MA,1886.0,1986-05-25,F,Married,US Citizen,No,White,2014-05-12,,N/A - still employed,Leave of Absence,Production       ,David Stanley,14.0,Professional Society,Fully Meets,2.04,3.0,0.0,2/7/2019,0.0,33.34154688569473
238,"Langford, Lindsey",1010022030.0,0.0,2.0,0.0,5.0,5.0,3.0,0.0,22.0,1.0,20.0,Production Technician II,MA,2090.0,1979-07-25,F,Divorced,US Citizen,No,Asian,2013-01-07,2014-03-31,Another position,Voluntarily Terminated,Production       ,David Stanley,14.0,Glassdoor,Fully Meets,4.52,3.0,0.0,,,40.17522245037645
239,"Monkfish, Erasumus",1404066711.0,1.0,1.0,1.0,1.0,5.0,3.0,0.0,27.0,0.0,20.0,Production Technician II,MA,1450.0,1992-08-17,M ,Married,US Citizen,No,White,2011-11-07,,N/A - still employed,Active,Production       ,David Stanley,14.0,Professional Society,Fully Meets,2.67,3.0,0.0,1/8/2019,0.0,27.110198494182068
240,"Roberson, May",1402065340.0,0.0,2.0,0.0,5.0,5.0,3.0,0.0,26.0,1.0,20.0,Production Technician II,MA,1902.0,1981-09-05,F,Divorced,Eligible NonCitizen,No,White,2011-09-26,2011-10-22,return to school,Voluntarily Terminated,Production       ,David Stanley,14.0,Search Engine - Google Bing Yahoo,Fully Meets,2.19,4.0,0.0,,,38.05886379192334
241,"Wolk, Hang  T",1205033180.0,0.0,0.0,0.0,1.0,5.0,3.0,0.0,22.0,0.0,20.0,Production Technician II,MA,2302.0,1985-04-20,F,Single,US Citizen,No,White,2014-09-29,,N/A - still employed,Active,Production       ,David Stanley,14.0,Newspager/Magazine,Fully Meets,3.4,4.0,0.0,2/21/2019,0.0,34.43668720054757
242,"Bondwell, Betsy",1008021030.0,0.0,0.0,0.0,5.0,5.0,3.0,0.0,26.0,1.0,20.0,Production Technician II,MA,2210.0,1967-01-16,F,Single,US Citizen,No,White,2011-01-10,2014-04-04,career change,Voluntarily Terminated,Production       ,Elijiah Gray,16.0,Search Engine - Google Bing Yahoo,Fully Meets,1.38,5.0,0.0,,,52.695414099931554
243,"Faller, Megan ",1108028428.0,1.0,1.0,0.0,1.0,5.0,3.0,0.0,27.0,0.0,20.0,Production Technician II,MA,1824.0,1978-09-22,F,Married,US Citizen,No,Black or African American,2014-07-07,,N/A - still employed,Active,Production       ,Elijiah Gray,16.0,Professional Society,Fully Meets,1.49,5.0,0.0,2/22/2019,0.0,41.01300479123888
244,"Hunts, Julissa",1106026433.0,0.0,0.0,0.0,2.0,5.0,3.0,0.0,25.0,0.0,20.0,Production Technician II,MA,2021.0,1984-03-11,F,Single,US Citizen,No,White,2016-06-06,,N/A - Has not started yet,Future Start,Production       ,Elijiah Gray,16.0,Vendor Referral,Fully Meets,2.92,5.0,0.0,1/18/2019,0.0,35.54551676933607
245,"Lunquist, Lisa",1001504432.0,0.0,0.0,0.0,1.0,5.0,4.0,0.0,26.1,0.0,20.0,Production Technician II,MA,2324.0,1982-03-28,F,Single,US Citizen,No,Black or African American,2013-08-19,,N/A - still employed,Active,Production       ,Elijiah Gray,16.0,Glassdoor,Exceeds,1.64,4.0,0.0,2/12/2019,0.0,37.50034223134839
246,"Nowlan, Kristie",1104025435.0,0.0,0.0,0.0,1.0,5.0,3.0,0.0,26.39,0.0,20.0,Production Technician II,MA,1040.0,1985-11-23,F,Single,US Citizen,No,White,2014-11-10,,N/A - still employed,Active,Production       ,Elijiah Gray,16.0,Glassdoor,Fully Meets,4.53,5.0,0.0,1/16/2019,0.0,33.842573579739906
247,"Smith, Joe",1001970770.0,0.0,0.0,1.0,1.0,5.0,4.0,0.0,22.0,0.0,20.0,Production Technician II,MA,2045.0,1963-10-30,M ,Single,US Citizen,No,White,2014-09-29,,N/A - still employed,Active,Production       ,Elijiah Gray,16.0,Pay Per Click - Google,Exceeds,2.41,3.0,0.0,1/28/2019,0.0,55.90965092402464
248,"Tejeda, Lenora ",1406068345.0,1.0,1.0,0.0,5.0,5.0,3.0,0.0,28.75,1.0,20.0,Production Technician II,MA,2129.0,1953-05-24,F,Married,US Citizen,No,White,2011-05-16,2012-07-08,Another position,Voluntarily Terminated,Production       ,Elijiah Gray,16.0,Search Engine - Google Bing Yahoo,Fully Meets,3.93,3.0,0.0,,,66.34360027378509
249,"Beak, Kimberly  ",1303054329.0,1.0,1.0,0.0,2.0,5.0,4.0,0.0,27.0,0.0,20.0,Production Technician II,MA,2145.0,1966-04-17,F,Married,US Citizen,No,White,2016-07-21,,N/A - Has not started yet,Future Start,Production       ,Kelley Spirea,18.0,Employee Referral,Exceeds,2.7,3.0,0.0,1/14/2019,0.0,53.445585215605746
250,"Demita, Carla",1104025179.0,0.0,3.0,0.0,5.0,5.0,3.0,0.0,29.0,1.0,20.0,Production Technician II,MA,2343.0,1951-02-25,F,Separated,US Citizen,No,Black or African American,2011-04-04,2015-11-04,more money,Voluntarily Terminated,Production       ,Kelley Spirea,18.0,Search Engine - Google Bing Yahoo,Fully Meets,4.62,5.0,0.0,,,68.58590006844626
251,"Hankard, Earnest",1307059937.0,0.0,0.0,1.0,1.0,5.0,3.0,0.0,24.0,0.0,20.0,Production Technician II,MA,2155.0,1988-08-10,M ,Single,US Citizen,Yes,White,2013-11-11,,N/A - still employed,Active,Production       ,Kelley Spirea,18.0,Newspager/Magazine,Fully Meets,5.0,3.0,0.0,1/8/2019,0.0,31.129363449691994
252,"Hendrickson, Trina",1011022932.0,0.0,0.0,0.0,5.0,5.0,3.0,0.0,24.0,1.0,20.0,Production Technician II,MA,2021.0,1972-08-27,F,Single,US Citizen,No,White,2011-01-10,2013-02-18,hours,Voluntarily Terminated,Production       ,Kelley Spirea,18.0,Monster.com,Fully Meets,5.0,3.0,0.0,,,47.082819986310746
253,"Linden, Mathew",1405067565.0,1.0,1.0,1.0,3.0,5.0,3.0,0.0,22.0,0.0,20.0,Production Technician II,MA,1770.0,1979-03-19,M ,Married,US Citizen,No,White,2013-07-08,,N/A - still employed,Leave of Absence,Production       ,Kelley Spirea,18.0,Information Session,Fully Meets,4.0,3.0,0.0,2/18/2019,0.0,40.525667351129364
254,"Moran, Patrick",1408069503.0,0.0,0.0,1.0,3.0,5.0,3.0,1.0,26.0,0.0,20.0,Production Technician II,MA,2127.0,1976-12-03,M ,Single,US Citizen,No,Hispanic,2012-01-09,,N/A - still employed,Leave of Absence,Production       ,Kelley Spirea,18.0,Diversity Job Fair,Fully Meets,2.5,4.0,0.0,1/31/2019,0.0,42.8145106091718
255,"Sahoo, Adil",1106026462.0,1.0,1.0,1.0,1.0,5.0,3.0,0.0,29.0,0.0,20.0,Production Technician II,MA,2062.0,1986-04-26,M ,Married,US Citizen,No,White,2010-08-30,,N/A - still employed,Active,Production       ,Kelley Spirea,18.0,Monster.com,Fully Meets,2.08,3.0,0.0,1/10/2019,0.0,33.42094455852156
256,"Burkett, Benjamin ",1301052449.0,1.0,1.0,1.0,1.0,5.0,3.0,0.0,26.0,0.0,20.0,Production Technician II,MA,1890.0,1977-08-19,M ,Married,US Citizen,No,White,2011-04-04,,N/A - still employed,Active,Production       ,Ketsia Liebig,19.0,Careerbuilder,Fully Meets,3.25,5.0,0.0,1/14/2019,0.0,42.105407255304584
257,"Foreman, Tanya",1012023204.0,1.0,1.0,0.0,5.0,5.0,3.0,0.0,24.0,1.0,20.0,Production Technician II,MA,2170.0,1983-11-08,F,Married,US Citizen,No,White,2011-04-04,2012-01-09,career change,Voluntarily Terminated,Production       ,Ketsia Liebig,19.0,Word of Mouth,Fully Meets,3.66,3.0,0.0,,,35.885010266940455
258,"Jeannite, Tayana",1008020942.0,0.0,2.0,0.0,1.0,5.0,4.0,0.0,22.5,0.0,20.0,Production Technician II,MA,1821.0,1986-11-06,F,Divorced,US Citizen,No,American Indian or Alaska Native,2011-07-05,,N/A - still employed,Active,Production       ,Ketsia Liebig,19.0,MBTA ads,Exceeds,4.6,4.0,0.0,2/25/2019,0.0,32.889801505817935
259,"McCarthy, Brigit",1406067957.0,0.0,0.0,0.0,1.0,5.0,3.0,0.0,26.0,0.0,20.0,Production Technician II,MA,2149.0,1987-05-21,F,Single,US Citizen,No,White,2015-03-30,,N/A - still employed,Active,Production       ,Ketsia Liebig,19.0,Newspager/Magazine,Fully Meets,5.0,5.0,0.0,2/7/2019,0.0,32.35318275154004
260,"Peters, Lauren",1411071406.0,1.0,1.0,0.0,5.0,5.0,4.0,0.0,29.0,1.0,20.0,Production Technician II,MA,1886.0,1986-08-17,F,Married,US Citizen,No,White,2011-05-16,2012-02-04,more money,Voluntarily Terminated,Production       ,Ketsia Liebig,19.0,Pay Per Click - Google,Exceeds,1.79,5.0,0.0,,,33.111567419575636
261,"Walker, Roger",1011022818.0,0.0,0.0,1.0,1.0,5.0,3.0,0.0,22.0,0.0,20.0,Production Technician II,MA,2459.0,1976-02-10,M ,Single,US Citizen,No,Black or African American,2014-08-18,,N/A - still employed,Active,Production       ,Ketsia Liebig,19.0,Employee Referral,Fully Meets,3.11,5.0,0.0,2/12/2019,0.0,43.62765229295003
262,"Akinkuolie, Sarah",1005019209.0,1.0,1.0,0.0,5.0,5.0,3.0,0.0,29.0,1.0,20.0,Production Technician II,MA,1810.0,1988-09-19,F,Married,US Citizen,No,White,2011-07-05,2012-09-24,hours,Voluntarily Terminated,Production       ,Kissy Sullivan,20.0,Newspager/Magazine,Fully Meets,3.02,3.0,0.0,,,31.019849418206707
263,"Davis, Daniel",1201031274.0,0.0,0.0,1.0,1.0,5.0,3.0,0.0,25.0,0.0,20.0,Production Technician II,MA,2458.0,1979-09-14,M ,Single,Eligible NonCitizen,No,Two or more races,2011-11-07,,N/A - still employed,Active,Production       ,Kissy Sullivan,20.0,Newspager/Magazine,Fully Meets,3.96,4.0,0.0,2/27/2019,0.0,40.035592060232716
264,"Gosciminski, Phylicia  ",1108028351.0,0.0,3.0,0.0,3.0,5.0,3.0,0.0,27.0,0.0,20.0,Production Technician II,MA,1824.0,1983-12-08,F,Separated,US Citizen,No,American Indian or Alaska Native,2013-09-30,,N/A - still employed,Leave of Absence,Production       ,Kissy Sullivan,20.0,Word of Mouth,Fully Meets,2.57,5.0,0.0,2/21/2019,0.0,35.80287474332649
265,"Latif, Mohammed",1104025486.0,1.0,1.0,1.0,5.0,5.0,3.0,0.0,28.0,1.0,20.0,Production Technician II,MA,2126.0,1984-05-09,M ,Married,US Citizen,No,White,2012-04-02,2013-04-15,more money,Voluntarily Terminated,Production       ,Kissy Sullivan,20.0,Word of Mouth,Fully Meets,1.84,3.0,0.0,,,35.383983572895275
266,"Monterro, Luisa",1001103149.0,0.0,0.0,0.0,1.0,5.0,4.0,0.0,25.0,0.0,20.0,Production Technician II,MA,2126.0,1970-04-24,F,Single,US Citizen,No,Black or African American,2013-05-13,,N/A - still employed,Active,Production       ,Kissy Sullivan,20.0,Billboard,Exceeds,2.55,3.0,0.0,1/14/2019,0.0,49.426420260095824
267,"Robertson, Peter",1499902991.0,1.0,1.0,1.0,5.0,5.0,3.0,0.0,22.0,1.0,20.0,Production Technician II,MA,2138.0,1972-07-03,M ,Married,US Citizen,No,White,2011-07-05,2012-02-08,Another position,Voluntarily Terminated,Production       ,Kissy Sullivan,20.0,Glassdoor,Fully Meets,2.48,5.0,0.0,,,47.233401779603014
268,"Woodson, Jason",1012023010.0,0.0,0.0,1.0,1.0,5.0,3.0,0.0,24.25,0.0,20.0,Production Technician II,MA,1810.0,1985-05-11,M ,Single,US Citizen,No,White,2014-07-07,,N/A - still employed,Active,Production       ,Kissy Sullivan,20.0,Vendor Referral,Fully Meets,4.07,4.0,0.0,2/28/2019,0.0,34.379192334017795
269,"Blount, Dianna",1403066125.0,0.0,0.0,0.0,1.0,5.0,2.0,0.0,27.0,0.0,20.0,Production Technician II,MA,2171.0,1990-09-21,F,Single,US Citizen,No,White,2011-04-04,,N/A - still employed,Active,Production       ,Michael Albert,22.0,Monster.com,Needs Improvement,1.16,3.0,0.0,2/27/2019,0.0,29.01574264202601
270,"Erilus, Angela",1105025661.0,0.0,3.0,0.0,1.0,5.0,1.0,0.0,24.0,0.0,20.0,Production Technician II,MA,2133.0,1989-08-25,F,Separated,US Citizen,No,White,2014-07-07,,N/A - still employed,Active,Production       ,Michael Albert,22.0,Pay Per Click - Google,PIP,4.59,1.0,0.0,2/25/2019,0.0,30.088980150581794
271,"Homberger, Adrienne  J",1207046956.0,1.0,1.0,0.0,5.0,5.0,3.0,0.0,28.0,1.0,20.0,Production Technician II,MA,2445.0,1984-02-16,F,Married,Non-Citizen,No,White,2011-08-15,2012-04-07,relocation out of area,Voluntarily Terminated,Production       ,Michael Albert,30.0,Glassdoor,Fully Meets,3.03,5.0,0.0,,,35.611225188227245
272,"Lundy, Susan",1305056276.0,0.0,4.0,0.0,5.0,5.0,3.0,0.0,24.0,1.0,20.0,Production Technician II,MA,2122.0,1976-12-26,F,Widowed,US Citizen,No,White,2013-07-08,2013-09-15,more money,Voluntarily Terminated,Production       ,Michael Albert,22.0,On-campus Recruiting,Fully Meets,4.65,4.0,0.0,,,42.75154004106776
273,"Moumanil, Maliki ",1301052436.0,0.0,3.0,1.0,1.0,5.0,3.0,0.0,29.0,0.0,20.0,Production Technician II,MA,1460.0,1974-12-01,M ,Separated,US Citizen,No,Black or African American,2013-05-13,,N/A - still employed,Active,Production       ,Michael Albert,22.0,On-campus Recruiting,Fully Meets,4.29,5.0,0.0,1/28/2019,0.0,44.82135523613963
274,"Sloan, Constance",1012023103.0,0.0,0.0,0.0,5.0,5.0,3.0,0.0,23.0,1.0,20.0,Production Technician II,MA,1851.0,1987-11-25,F,Single,US Citizen,No,White,2009-10-26,2015-04-08,maternity leave - did not return,Voluntarily Terminated,Production       ,Michael Albert,22.0,Monster.com,Fully Meets,4.68,4.0,0.0,,,31.838466803559207
275,"Buccheri, Joseph  ",1101023457.0,0.0,0.0,1.0,1.0,5.0,3.0,0.0,22.0,0.0,20.0,Production Technician II,MA,1013.0,1983-07-28,M ,Single,US Citizen,No,White,2014-09-29,,N/A - still employed,Active,Production       ,Webster Butler,,Word of Mouth,Fully Meets,3.19,3.0,0.0,2/1/2019,0.0,36.167008898015055
276,"Fancett, Nicole",1402065085.0,0.0,0.0,0.0,1.0,5.0,3.0,0.0,24.0,0.0,20.0,Production Technician II,MA,2324.0,1987-09-27,F,Single,US Citizen,No,Black or African American,2014-02-17,,N/A - still employed,Active,Production       ,Webster Butler,,Newspager/Magazine,Fully Meets,4.0,4.0,0.0,1/7/2019,0.0,32.0
277,"Hutter, Rosalie",1103024924.0,0.0,3.0,0.0,2.0,5.0,3.0,0.0,28.0,0.0,20.0,Production Technician II,MA,2351.0,1992-05-07,F,Separated,US Citizen,No,White,2015-06-05,,N/A - Has not started yet,Future Start,Production       ,Webster Butler,,Other,Fully Meets,2.63,3.0,0.0,2/14/2019,0.0,27.38945927446954
278,"Manchester, Robyn",1110029623.0,1.0,1.0,0.0,2.0,5.0,3.0,0.0,23.0,0.0,20.0,Production Technician II,MA,2324.0,1976-08-25,F,Married,US Citizen,No,White,2016-05-11,,N/A - Has not started yet,Future Start,Production       ,Webster Butler,,Vendor Referral,Fully Meets,5.0,3.0,0.0,1/21/2019,0.0,43.08829568788501
279,"Oliver, Brooke ",1001856521.0,1.0,1.0,0.0,5.0,5.0,3.0,0.0,25.0,1.0,20.0,Production Technician II,MA,2492.0,1952-02-11,F,Married,US Citizen,No,Asian,2012-05-14,2013-08-19,unhappy,Voluntarily Terminated,Production       ,Webster Butler,39.0,Newspager/Magazine,Fully Meets,5.0,3.0,0.0,,,67.6249144421629
280,"Thibaud, Kenneth",1011022777.0,0.0,4.0,1.0,5.0,5.0,3.0,0.0,23.0,1.0,20.0,Production Technician II,MA,2472.0,1975-09-16,M ,Widowed,US Citizen,No,White,2007-06-25,2010-08-30,military,Voluntarily Terminated,Production       ,Webster Butler,39.0,Pay Per Click - Google,Fully Meets,1.37,4.0,0.0,,,44.030116358658454
281,"Daneault, Lynn",1402065303.0,0.0,0.0,0.0,1.0,6.0,3.0,0.0,54.0,0.0,21.0,Sales Manager,VT,5473.0,1990-04-19,F,Single,US Citizen,No,White,2014-05-05,,N/A - still employed,Active,Sales,Debra Houlihan,15.0,Pay Per Click - Google,Fully Meets,4.62,4.0,0.0,1/24/2019,0.0,29.440109514031484
282,"Kampew, Donysha",1109029264.0,0.0,0.0,0.0,5.0,6.0,3.0,0.0,60.25,1.0,21.0,Sales Manager,PA,19444.0,1989-11-11,F,Single,US Citizen,No,White,2011-11-07,2014-04-24,maternity leave - did not return,Voluntarily Terminated,Sales,Debra Houlihan,15.0,Social Networks - Facebook Twitter etc,Fully Meets,1.9,5.0,0.0,,,29.87542778918549
283,"Smith, John",1499902910.0,0.0,2.0,1.0,1.0,6.0,2.0,1.0,56.0,0.0,21.0,Sales Manager,MA,1886.0,1984-08-16,M ,Divorced,US Citizen,No,Black or African American,2014-05-18,,N/A - still employed,Active,Sales,Debra Houlihan,15.0,Diversity Job Fair,Needs Improvement,1.62,4.0,0.0,1/16/2019,0.0,35.1129363449692
284,"Le, Binh",1009919930.0,0.0,0.0,0.0,1.0,3.0,3.0,0.0,50.25,0.0,22.0,Senior BI Developer,MA,1886.0,1987-06-14,F,Single,US Citizen,No,Asian,2016-10-02,,N/A - still employed,Active,IT/IS,Brian Champaigne,13.0,Indeed,Fully Meets,2.09,5.0,7.0,1/8/2019,0.0,32.28747433264887
285,"Navathe, Kurt",1009919960.0,0.0,0.0,1.0,1.0,3.0,3.0,0.0,52.25,0.0,22.0,Senior BI Developer,MA,2056.0,1970-04-25,M ,Single,US Citizen,No,Asian,2017-02-10,,N/A - still employed,Active,IT/IS,Brian Champaigne,13.0,Indeed,Fully Meets,5.0,3.0,6.0,2/25/2019,0.0,49.42368240930869
286,"Wang, Charlie",1009919970.0,0.0,0.0,1.0,1.0,3.0,3.0,0.0,51.0,0.0,22.0,Senior BI Developer,MA,1887.0,1981-07-08,M ,Single,US Citizen,No,Asian,2017-02-15,,N/A - still employed,Active,IT/IS,Brian Champaigne,13.0,Indeed,Fully Meets,3.42,4.0,7.0,1/4/2019,0.0,38.220396988364136
287,"LeBlanc, Brandon  R",1102024115.0,1.0,1.0,1.0,1.0,1.0,3.0,0.0,55.0,0.0,23.0,Shared Services Manager,MA,1460.0,1984-06-10,M ,Married,US Citizen,No,White,2016-01-05,,N/A - still employed,Active,Admin Offices,Janet King,2.0,Monster.com,Fully Meets,1.95,4.0,0.0,1/28/2019,0.0,35.29637234770705
288,"Quinn, Sean",1206043417.0,1.0,1.0,1.0,5.0,1.0,3.0,1.0,55.0,1.0,23.0,Shared Services Manager,MA,2045.0,1984-11-06,M ,Married,Eligible NonCitizen,No,Black or African American,2011-02-21,2015-08-15,career change,Voluntarily Terminated,Admin Offices,Janet King,2.0,Diversity Job Fair,Fully Meets,4.15,4.0,0.0,,,34.888432580424364
289,"Andreola, Colby",1107027358.0,0.0,0.0,0.0,1.0,4.0,3.0,0.0,47.6,0.0,24.0,Software Engineer,MA,2110.0,1979-05-24,F,Single,US Citizen,No,White,2014-11-10,,N/A - still employed,Active,Software Engineering,Alex Sweetwater,10.0,Vendor Referral,Fully Meets,3.04,3.0,4.0,1/2/2019,0.0,40.34496919917864
290,"Carabbio, Judith",1101023577.0,0.0,0.0,0.0,1.0,4.0,3.0,0.0,56.0,0.0,24.0,Software Engineer,MA,2132.0,1987-04-05,F,Single,US Citizen,No,White,2013-11-11,,N/A - still employed,Active,Software Engineering,Alex Sweetwater,10.0,Pay Per Click - Google,Fully Meets,4.96,4.0,6.0,1/30/2019,0.0,32.479123887748116
291,"Del Bosque, Keyla",1203032498.0,0.0,0.0,0.0,1.0,4.0,3.0,0.0,57.12,0.0,24.0,Software Engineer,MA,2176.0,1979-07-05,F,Single,US Citizen,No,Black or African American,2012-01-09,,N/A - still employed,Active,Software Engineering,Alex Sweetwater,10.0,Monster.com,Fully Meets,3.79,5.0,5.0,1/25/2019,0.0,40.2299794661191
292,"Exantus, Susan",1401064670.0,1.0,1.0,0.0,4.0,4.0,2.0,0.0,48.5,1.0,24.0,Software Engineer,MA,1749.0,1987-05-15,F,Married,US Citizen,No,Black or African American,2011-05-02,2013-06-05,attendance,Terminated for Cause,Software Engineering,Alex Sweetwater,10.0,Billboard,Needs Improvement,2.55,5.0,4.0,,,32.369609856262834
293,"Martin, Sandra",1303054625.0,0.0,0.0,0.0,1.0,4.0,3.0,0.0,55.51,0.0,24.0,Software Engineer,MA,2135.0,1987-11-07,F,Single,US Citizen,No,Asian,2013-11-11,,N/A - still employed,Active,Software Engineering,Alex Sweetwater,10.0,Search Engine - Google Bing Yahoo,Fully Meets,1.53,5.0,4.0,1/14/2019,0.0,31.887748117727583
294,"Patronick, Luke",1112030979.0,0.0,0.0,1.0,5.0,4.0,4.0,1.0,52.25,1.0,24.0,Software Engineer,MA,1844.0,1979-02-20,M ,Single,US Citizen,No,Asian,2011-11-07,2015-09-07,Another position,Voluntarily Terminated,Software Engineering,Alex Sweetwater,10.0,Diversity Job Fair,Exceeds,1.1,5.0,3.0,,,40.59958932238193
295,"Saada, Adell",1012023185.0,1.0,1.0,0.0,1.0,4.0,3.0,0.0,49.25,0.0,24.0,Software Engineer,MA,2132.0,1986-07-24,F,Married,US Citizen,No,White,2012-11-05,,N/A - still employed,Active,Software Engineering,Alex Sweetwater,10.0,Pay Per Click - Google,Fully Meets,1.74,3.0,6.0,2/13/2019,0.0,33.177275838466805
296,"Szabo, Andrew",1201031324.0,0.0,0.0,1.0,1.0,4.0,4.0,0.0,48.0,0.0,24.0,Software Engineer,MA,2140.0,1983-05-06,M ,Single,US Citizen,No,White,2014-07-07,,N/A - still employed,Active,Software Engineering,Alex Sweetwater,10.0,MBTA ads,Exceeds,2.61,5.0,5.0,2/18/2019,0.0,36.394250513347025
297,"True, Edward",1102024057.0,0.0,0.0,1.0,5.0,4.0,3.0,1.0,45.42,1.0,24.0,Software Engineer,MA,2451.0,1983-06-14,M ,Single,Non-Citizen,No,Black or African American,2013-02-18,2014-04-15,medical issues,Voluntarily Terminated,Software Engineering,Alex Sweetwater,10.0,Diversity Job Fair,Fully Meets,1.11,3.0,4.0,,,36.28747433264887
298,"Sweetwater, Alex",1001644719.0,0.0,0.0,1.0,1.0,4.0,3.0,0.0,27.0,0.0,25.0,Software Engineering Manager,MA,2184.0,1966-11-22,M ,Single,US Citizen,No,White,2011-08-15,,N/A - still employed,Active,Software Engineering,Jennifer Zamora,5.0,Search Engine - Google Bing Yahoo,Fully Meets,3.84,3.0,5.0,1/21/2019,0.0,52.84599589322382
299,"Foster-Baker, Amy",1201031308.0,1.0,1.0,0.0,1.0,1.0,3.0,0.0,34.95,0.0,26.0,Sr. Accountant,MA,2050.0,1979-04-16,F,Married,US Citizen,no,White,2009-01-05,,N/A - still employed,Active,Admin Offices,Board of Directors,9.0,Other,Fully Meets,5.0,3.0,2.0,2/8/2019,0.0,40.44900752908966
300,"Boutwell, Bonalyn",1307060188.0,1.0,1.0,0.0,1.0,1.0,3.0,1.0,34.95,0.0,26.0,Sr. Accountant,MA,2468.0,1987-04-04,F,Married,US Citizen,No,Asian,2015-02-16,,N/A - still employed,Active,Admin Offices,Brandon R. LeBlanc,3.0,Diversity Job Fair,Fully Meets,5.0,4.0,3.0,2/18/2019,0.0,32.48186173853525
301,"Ait Sidi, Karthikeyan   ",1307060199.0,1.0,1.0,1.0,5.0,3.0,3.0,0.0,62.0,1.0,27.0,Sr. DBA,MA,2148.0,1975-05-05,M ,Married,US Citizen,No,White,2015-03-30,2016-06-16,career change,Voluntarily Terminated,IT/IS,Simon Roup,4.0,Company Intranet - Partner,Fully Meets,4.96,3.0,6.0,,,44.39698836413415
302,"Carr, Claudia  N",1010022337.0,0.0,0.0,0.0,2.0,3.0,3.0,0.0,61.3,0.0,27.0,Sr. DBA,MA,1886.0,1986-06-06,F,Single,US Citizen,No,Black or African American,2016-06-30,,N/A - Has not started yet,Future Start,IT/IS,Simon Roup,4.0,Vendor Referral,Fully Meets,5.0,5.0,6.0,2/18/2019,0.0,33.308692676249144
303,"Favis, Donald  ",1412071562.0,0.0,0.0,1.0,4.0,3.0,3.0,0.0,58.2,1.0,30.0,Enterprise Architect,CT,6033.0,1964-07-30,M ,Single,US Citizen,No,Black or African American,2014-02-17,2016-02-19,hours,Terminated for Cause,IT/IS,Simon Roup,4.0,Vendor Referral,Fully Meets,2.94,5.0,7.0,,,55.15947980835045
304,"Roehrich, Bianca",1111030266.0,0.0,0.0,0.0,5.0,3.0,3.0,0.0,58.5,1.0,29.0,Principal Data Architect,MA,2703.0,1973-05-27,F,Single,US Citizen,Yes,White,2015-01-05,2015-11-10,Another position,Voluntarily Terminated,IT/IS,Simon Roup,4.0,Vendor Referral,Fully Meets,3.88,3.0,7.0,,,46.33538672142368
305,"Daniele, Ann  ",1411071312.0,1.0,1.0,0.0,3.0,3.0,3.0,0.0,54.1,0.0,28.0,Sr. Network Engineer,CT,6033.0,1952-01-18,F,Married,US Citizen,No,White,2014-11-10,,N/A - still employed,Leave of Absence,IT/IS,Peter Monroe,7.0,Vendor Referral,Fully Meets,1.55,5.0,8.0,2/12/2019,0.0,67.69062286105407
306,"Lajiri,  Jyoti",1108028108.0,1.0,1.0,1.0,3.0,3.0,3.0,0.0,56.2,0.0,28.0,Sr. Network Engineer,MA,2169.0,1986-04-23,M ,Married,US Citizen,No,White,2014-11-10,,N/A - still employed,Leave of Absence,IT/IS,Peter Monroe,7.0,Employee Referral,Fully Meets,4.46,5.0,6.0,1/7/2019,0.0,33.42915811088296
307,"Semizoglou, Jeremiah  ",904013591.0,1.0,1.0,1.0,2.0,3.0,3.0,0.0,53.8,0.0,28.0,Sr. Network Engineer,MA,1545.0,1983-02-09,M ,Married,US Citizen,No,Asian,2016-06-30,,N/A - Has not started yet,Future Start,IT/IS,Peter Monroe,7.0,On-campus Recruiting,Fully Meets,3.27,4.0,5.0,1/14/2019,0.0,36.629705681040384
308,"South, Joe",1308060959.0,0.0,0.0,1.0,1.0,3.0,3.0,0.0,53.0,0.0,28.0,Sr. Network Engineer,CT,6278.0,1965-09-09,M ,Single,US Citizen,No,White,2014-11-10,,N/A - still employed,Active,IT/IS,Peter Monroe,7.0,Employee Referral,Fully Meets,5.0,3.0,4.0,1/2/2019,0.0,54.04791238877481
309,"Warfield, Sarah",1301052347.0,0.0,4.0,0.0,1.0,3.0,3.0,0.0,55.2,0.0,28.0,Sr. Network Engineer,MA,2453.0,1978-05-02,F,Widowed,US Citizen,No,Asian,2015-03-30,,N/A - still employed,Active,IT/IS,Peter Monroe,7.0,Employee Referral,Fully Meets,1.06,4.0,8.0,2/5/2019,0.0,41.40451745379877
310,,,,,,,,,,,,,,,,,,,,,,,,,,,,,,,,,,,,
311,,,,,,,,,,,,,,,,,,,,,,,,,,,,,,,,,,,,
312,,,,,,,,,,,,,,,,,,,,,,,,,,,,,,,,,,,,
313,,,,,,,,,,,,,,,,,,,,,,,,,,,,,,,,,,,,
314,,,,,,,,,,,,,,,,,,,,,,,,,,,,,,,,,,,,
315,,,,,,,,,,,,,,,,,,,,,,,,,,,,,,,,,,,,
316,,,,,,,,,,,,,,,,,,,,,,,,,,,,,,,,,,,,
317,,,,,,,,,,,,,,,,,,,,,,,,,,,,,,,,,,,,
318,,,,,,,,,,,,,,,,,,,,,,,,,,,,,,,,,,,,
319,,,,,,,,,,,,,,,,,,,,,,,,,,,,,,,,,,,,
320,,,,,,,,,,,,,,,,,,,,,,,,,,,,,,,,,,,,
321,,,,,,,,,,,,,,,,,,,,,,,,,,,,,,,,,,,,
322,,,,,,,,,,,,,,,,,,,,,,,,,,,,,,,,,,,,
323,,,,,,,,,,,,,,,,,,,,,,,,,,,,,,,,,,,,
324,,,,,,,,,,,,,,,,,,,,,,,,,,,,,,,,,,,,
325,,,,,,,,,,,,,,,,,,,,,,,,,,,,,,,,,,,,
326,,,,,,,,,,,,,,,,,,,,,,,,,,,,,,,,,,,,
327,,,,,,,,,,,,,,,,,,,,,,,,,,,,,,,,,,,,
328,,,,,,,,,,,,,,,,,,,,,,,,,,,,,,,,,,,,
329,,,,,,,,,,,,,,,,,,,,,,,,,,,,,,,,,,,,
330,,,,,,,,,,,,,,,,,,,,,,,,,,,,,,,,,,,,
331,,,,,,,,,,,,,,,,,,,,,,,,,,,,,,,,,,,,
332,,,,,,,,,,,,,,,,,,,,,,,,,,,,,,,,,,,,
333,,,,,,,,,,,,,,,,,,,,,,,,,,,,,,,,,,,,
334,,,,,,,,,,,,,,,,,,,,,,,,,,,,,,,,,,,,
335,,,,,,,,,,,,,,,,,,,,,,,,,,,,,,,,,,,,
336,,,,,,,,,,,,,,,,,,,,,,,,,,,,,,,,,,,,
337,,,,,,,,,,,,,,,,,,,,,,,,,,,,,,,,,,,,
338,,,,,,,,,,,,,,,,,,,,,,,,,,,,,,,,,,,,
339,,,,,,,,,,,,,,,,,,,,,,,,,,,,,,,,,,,,
340,,,,,,,,,,,,,,,,,,,,,,,,,,,,,,,,,,,,
341,,,,,,,,,,,,,,,,,,,,,,,,,,,,,,,,,,,,
342,,,,,,,,,,,,,,,,,,,,,,,,,,,,,,,,,,,,
343,,,,,,,,,,,,,,,,,,,,,,,,,,,,,,,,,,,,
344,,,,,,,,,,,,,,,,,,,,,,,,,,,,,,,,,,,,
345,,,,,,,,,,,,,,,,,,,,,,,,,,,,,,,,,,,,
346,,,,,,,,,,,,,,,,,,,,,,,,,,,,,,,,,,,,
347,,,,,,,,,,,,,,,,,,,,,,,,,,,,,,,,,,,,
348,,,,,,,,,,,,,,,,,,,,,,,,,,,,,,,,,,,,
349,,,,,,,,,,,,,,,,,,,,,,,,,,,,,,,,,,,,
350,,,,,,,,,,,,,,,,,,,,,,,,,,,,,,,,,,,,
351,,,,,,,,,,,,,,,,,,,,,,,,,,,,,,,,,,,,
352,,,,,,,,,,,,,,,,,,,,,,,,,,,,,,,,,,,,
353,,,,,,,,,,,,,,,,,,,,,,,,,,,,,,,,,,,,
354,,,,,,,,,,,,,,,,,,,,,,,,,,,,,,,,,,,,
355,,,,,,,,,,,,,,,,,,,,,,,,,,,,,,,,,,,,
356,,,,,,,,,,,,,,,,,,,,,,,,,,,,,,,,,,,,
357,,,,,,,,,,,,,,,,,,,,,,,,,,,,,,,,,,,,
358,,,,,,,,,,,,,,,,,,,,,,,,,,,,,,,,,,,,
359,,,,,,,,,,,,,,,,,,,,,,,,,,,,,,,,,,,,
360,,,,,,,,,,,,,,,,,,,,,,,,,,,,,,,,,,,,
361,,,,,,,,,,,,,,,,,,,,,,,,,,,,,,,,,,,,
362,,,,,,,,,,,,,,,,,,,,,,,,,,,,,,,,,,,,
363,,,,,,,,,,,,,,,,,,,,,,,,,,,,,,,,,,,,
364,,,,,,,,,,,,,,,,,,,,,,,,,,,,,,,,,,,,
365,,,,,,,,,,,,,,,,,,,,,,,,,,,,,,,,,,,,
366,,,,,,,,,,,,,,,,,,,,,,,,,,,,,,,,,,,,
367,,,,,,,,,,,,,,,,,,,,,,,,,,,,,,,,,,,,
368,,,,,,,,,,,,,,,,,,,,,,,,,,,,,,,,,,,,
369,,,,,,,,,,,,,,,,,,,,,,,,,,,,,,,,,,,,
370,,,,,,,,,,,,,,,,,,,,,,,,,,,,,,,,,,,,
371,,,,,,,,,,,,,,,,,,,,,,,,,,,,,,,,,,,,
372,,,,,,,,,,,,,,,,,,,,,,,,,,,,,,,,,,,,
373,,,,,,,,,,,,,,,,,,,,,,,,,,,,,,,,,,,,
374,,,,,,,,,,,,,,,,,,,,,,,,,,,,,,,,,,,,
375,,,,,,,,,,,,,,,,,,,,,,,,,,,,,,,,,,,,
376,,,,,,,,,,,,,,,,,,,,,,,,,,,,,,,,,,,,
377,,,,,,,,,,,,,,,,,,,,,,,,,,,,,,,,,,,,
378,,,,,,,,,,,,,,,,,,,,,,,,,,,,,,,,,,,,
379,,,,,,,,,,,,,,,,,,,,,,,,,,,,,,,,,,,,
380,,,,,,,,,,,,,,,,,,,,,,,,,,,,,,,,,,,,
381,,,,,,,,,,,,,,,,,,,,,,,,,,,,,,,,,,,,
382,,,,,,,,,,,,,,,,,,,,,,,,,,,,,,,,,,,,
383,,,,,,,,,,,,,,,,,,,,,,,,,,,,,,,,,,,,
384,,,,,,,,,,,,,,,,,,,,,,,,,,,,,,,,,,,,
385,,,,,,,,,,,,,,,,,,,,,,,,,,,,,,,,,,,,
386,,,,,,,,,,,,,,,,,,,,,,,,,,,,,,,,,,,,
387,,,,,,,,,,,,,,,,,,,,,,,,,,,,,,,,,,,,
388,,,,,,,,,,,,,,,,,,,,,,,,,,,,,,,,,,,,
389,,,,,,,,,,,,,,,,,,,,,,,,,,,,,,,,,,,,
390,,,,,,,,,,,,,,,,,,,,,,,,,,,,,,,,,,,,
391,,,,,,,,,,,,,,,,,,,,,,,,,,,,,,,,,,,,
392,,,,,,,,,,,,,,,,,,,,,,,,,,,,,,,,,,,,
393,,,,,,,,,,,,,,,,,,,,,,,,,,,,,,,,,,,,
394,,,,,,,,,,,,,,,,,,,,,,,,,,,,,,,,,,,,
395,,,,,,,,,,,,,,,,,,,,,,,,,,,,,,,,,,,,
396,,,,,,,,,,,,,,,,,,,,,,,,,,,,,,,,,,,,
397,,,,,,,,,,,,,,,,,,,,,,,,,,,,,,,,,,,,
398,,,,,,,,,,,,,,,,,,,,,,,,,,,,,,,,,,,,
399,,,,,,,,,,,,,,,,,,,,,,,,,,,,,,,,,,,,
400,,,,,,,,,,,,,,,,,,,,,,,,,,,,,,,,,,,,
